ID,Area,Item,Year,Actual,Predicted
5260,Niger,Dairy Products and Eggs,2019,714.73,1309.398724419611
2034,Ecuador,Sugar and Honey,2013,51788.52,79139.61030398119
2906,Hungary,Meat and Meat Preparations,2014,1470994.48,1470308.071709498
2554,French Polynesia,Non-alcoholic Beverages,2023,4414.45,24254.456732851162
2188,El Salvador,Meat and Meat Preparations,2023,220503.0,124221.85018946821
5354,Norway,Sugar and Honey,2015,10958.86,7256.4088606816495
3303,Indonesia,Other food,2015,4719750.25,4721129.295142743
2838,Guinea,Non-alcoholic Beverages,2020,66016.0,385711.4925520526
7051,Togo,Fats and Oils (excluding Butter),2014,45085.09,22239.981086204807
2626,Georgia,Fruit and Vegetables,2017,151414.93,126137.48425320625
6917,Switzerland,Fruit and Vegetables,2016,104245.65,135190.6634249582
2572,Gabon,Dairy Products and Eggs,2013,80.0,51.73096014841576
1504,Croatia,Sugar and Honey,2024,62675.0,119683.21074244501
2800,Guatemala,Alcoholic Beverages,2014,1209084.0,813965.077752343
4096,Lesotho,Fats and Oils (excluding Butter),2020,26.12,24.71005930005246
3383,Iran (Islamic Republic of),Alcoholic Beverages,2018,15408.0,7093.903259327247
5202,Nicaragua,Alcoholic Beverages,2016,20053.42,25546.72975035212
849,Brazil,Fruit and Vegetables,2013,3524255.0,1113647.2640942216
6494,Slovakia,Dairy Products and Eggs,2013,407136.0,426543.17688044364
963,Cambodia,Sugar and Honey,2013,6324.0,7180.630464582411
2102,Egypt,Meat and Meat Preparations,2015,5048.5,3782.3536391481466
4644,Mongolia,Non-alcoholic Beverages,2013,27751.0,43063.723718744215
2266,Ethiopia,Cereals and Preparations,2020,0.0,27202.02570470018
7591,Venezuela (Bolivarian Republic of),Fats and Oils (excluding Butter),2014,5.03,135.88870145874793
1434,Côte d'Ivoire,Fruit and Vegetables,2021,9810.0,156475.89807162687
6452,Slovakia,Fats and Oils (excluding Butter),2019,42452.77,123674.61604528145
967,Cambodia,Dairy Products and Eggs,2013,1697.0,9509.073959959316
6451,Slovakia,Fats and Oils (excluding Butter),2018,44078.64,111944.68568404773
1874,Denmark,Alcoholic Beverages,2021,752498.52,496778.6003136298
2299,Ethiopia,Dairy Products and Eggs,2018,87.74,1422.383600436119
2755,Ghana,Non-alcoholic Beverages,2023,2396772.21,734836.1773224557
4912,Nepal,Non-alcoholic Beverages,2024,76883.1,157383.5732357796
918,Burundi,Meat and Meat Preparations,2014,0.01,841.7899261700195
175,Antigua and Barbuda,Sugar and Honey,2014,0.0,3.439176837610617
6535,Slovakia,Other food,2018,1148708.83,981996.1408716533
7619,Venezuela (Bolivarian Republic of),Dairy Products and Eggs,2018,8760.0,9087.712604529523
2763,Ghana,Other food,2019,2764313.26,2874080.491482452
2452,France,Fruit and Vegetables,2020,6165071.05,7147483.9439942865
6194,Samoa,Fruit and Vegetables,2023,0.33,2.60728357863537
1159,Chile,Non-alcoholic Beverages,2013,6977.0,43707.11653696393
1426,Côte d'Ivoire,Sugar and Honey,2014,12669.88,7237.191484183029
5700,Peru,Meat and Meat Preparations,2020,1965.83,6585.21996381544
2818,Guinea,Sugar and Honey,2014,155.87,102.1119631187996
6685,Sri Lanka,Fats and Oils (excluding Butter),2024,2882.7,12630.072902932316
638,Barbados,Dairy Products and Eggs,2014,3453.0,18983.674843051132
4990,New Caledonia,Meat and Meat Preparations,2013,472.23,114.75547737485184
6578,Slovenia,Sugar and Honey,2013,73144.0,79495.54499429776
5572,Pakistan,Alcoholic Beverages,2015,12071.0,554.7662063992634
623,Bangladesh,Other food,2021,73726.64,137237.67316291694
6054,Republic of Moldova,Alcoholic Beverages,2018,191873.78,198717.69660878644
1631,Cyprus,Dairy Products and Eggs,2024,12513.0,21754.2846445244
1341,Colombia,Dairy Products and Eggs,2018,10571.96,26096.171167072232
1479,Croatia,Fats and Oils (excluding Butter),2021,129703.43,185921.9957199811
2368,Finland,Fruit and Vegetables,2014,70491.56,75553.36566754714
6655,South Africa,Meat and Meat Preparations,2014,2682480.0,373162.1295763608
5493,Oman,Non-alcoholic Beverages,2020,82123.0,62815.191995718225
4599,Mexico,Alcoholic Beverages,2018,6221153.02,5500162.793810683
3612,Italy,Fats and Oils (excluding Butter),2023,3055527.0,2839602.123058355
5341,Norway,Meat and Meat Preparations,2014,37424.57,40517.592432479214
10,Albania,Cereals and Preparations,2023,2723.0,6135.216712145548
2128,Egypt,Dairy Products and Eggs,2014,407987.71,253461.71413854905
324,Armenia,Dairy Products and Eggs,2021,100364.0,19487.927400009212
1475,Croatia,Fats and Oils (excluding Butter),2017,71204.77,53537.59613211204
2510,French Polynesia,Cereals and Preparations,2022,7703.0,2557.4930797903003
6662,South Africa,Alcoholic Beverages,2013,53198.0,545639.1105167037
2650,Georgia,Non-alcoholic Beverages,2020,148229.25,111764.92875500447
3646,Italy,Dairy Products and Eggs,2015,3476692.51,2786864.85210819
524,Bangladesh,Cereals and Preparations,2018,56559.07,113897.7664109617
3553,Ireland,Other food,2020,1266015.31,1688988.8856951115
1801,Denmark,Cereals and Preparations,2020,1813032.75,2148410.864820642
6092,Romania,Fruit and Vegetables,2014,32235.0,112404.55138329827
5895,Republic of Korea,Fats and Oils (excluding Butter),2020,66452.2,80861.4256263835
3454,Ireland,Cereals and Preparations,2017,2738817.05,2509677.9351956164
4176,Libya,Other food,2016,782.0,2985.2875034049957
445,Austria,Sugar and Honey,2014,264519.91,383787.30926331383
3350,Iran (Islamic Republic of),Sugar and Honey,2017,202151.43,268926.57618543005
3225,Indonesia,Fats and Oils (excluding Butter),2021,32036337.1,6116908.709922862
639,Barbados,Alcoholic Beverages,2013,2145.0,19983.262333213494
192,Argentina,Cereals and Preparations,2019,9716915.3,7907755.265604761
2669,Ghana,Cereals and Preparations,2021,45203.4,232189.5302707728
5070,New Zealand,Sugar and Honey,2016,325518.95,255397.38562432
1496,Croatia,Sugar and Honey,2016,180978.16,102635.06546558486
5258,Niger,Dairy Products and Eggs,2013,2631.17,8230.210143069115
4173,Libya,Non-alcoholic Beverages,2019,468.0,1664.7621700235309
6583,Slovenia,Sugar and Honey,2018,36083.49,56571.01173713266
3823,Kenya,Sugar and Honey,2023,384844.0,547654.7138686879
5519,Pakistan,Fats and Oils (excluding Butter),2017,42912.4,56236.02969654135
693,Benin,Alcoholic Beverages,2013,163.0,302.8341987471661
218,Argentina,Meat and Meat Preparations,2023,505780.0,551182.8845532293
1731,Czechia,Dairy Products and Eggs,2016,715475.79,869626.5206437877
3956,Latvia,Meat and Meat Preparations,2018,129458.23,97725.1517550821
6202,Samoa,Alcoholic Beverages,2014,2739.36,4622.575739274129
2432,France,Meat and Meat Preparations,2024,2163706.0,2670085.427158948
2968,Hungary,Non-alcoholic Beverages,2016,177108.98,193691.92674004013
3265,Indonesia,Dairy Products and Eggs,2013,67897.0,151456.19346656764
6672,Sri Lanka,Cereals and Preparations,2020,74394.75,117245.51183872743
5434,Oman,Fats and Oils (excluding Butter),2014,209562.04,436158.09009480523
379,Australia,Sugar and Honey,2020,2165893.0,2235433.1162149976
7704,Zambia,Dairy Products and Eggs,2018,14157.02,8909.391527876138
2292,Ethiopia,Fruit and Vegetables,2018,292400.8,287508.32452911773
5365,Norway,Fruit and Vegetables,2014,25535.49,49286.06328187179
6526,Slovakia,Non-alcoholic Beverages,2021,150686.54,93425.62109832508
7496,United States of America,Other food,2018,32515750.42,31995349.96159615
5511,Pakistan,Cereals and Preparations,2020,2202919.91,1030047.7691470811
2457,France,Dairy Products and Eggs,2013,8169722.0,8388092.268857835
2896,Hungary,Fats and Oils (excluding Butter),2016,515375.19,792034.3034442419
7481,United States of America,Non-alcoholic Beverages,2015,1491445.09,1333763.0967128458
6676,Sri Lanka,Cereals and Preparations,2024,124628.25,25514.67197162614
6247,Saudi Arabia,Meat and Meat Preparations,2023,354671.0,942120.136278503
5822,Philippines,Alcoholic Beverages,2016,14827.25,9105.58579519768
3388,Iran (Islamic Republic of),Non-alcoholic Beverages,2015,25743.63,25585.025543143776
2973,Hungary,Non-alcoholic Beverages,2021,282239.09,378574.67962294194
3936,Latvia,Cereals and Preparations,2022,24634.0,60301.75237489323
2453,France,Fruit and Vegetables,2021,6433835.87,7938470.862153865
4595,Mexico,Alcoholic Beverages,2014,3735213.27,3994200.0426794253
3025,Iceland,Sugar and Honey,2013,637.0,2261.072515011596
2017,Ecuador,Cereals and Preparations,2022,273876.29,193487.14078623938
3398,Iran (Islamic Republic of),Other food,2015,408247.93,750114.1740037051
444,Austria,Sugar and Honey,2013,274037.03,367828.24449954205
4755,Myanmar,Fats and Oils (excluding Butter),2020,1297.66,3285.8329554097118
5955,Republic of Korea,Alcoholic Beverages,2020,274905.9,429421.80478983076
6844,Sweden,Non-alcoholic Beverages,2013,96022.0,144781.22920693777
6073,Republic of Moldova,Other food,2014,202112.46,300276.4421437555
4653,Montenegro,Meat and Meat Preparations,2014,10761.0,12163.327170758503
2514,French Polynesia,Fats and Oils (excluding Butter),2019,4651.1,2086.060239828163
1673,Czechia,Cereals and Preparations,2018,1390784.33,1468160.0794293038
3893,Kyrgyzstan,Sugar and Honey,2018,13387.79,30737.819775407253
137,Algeria,Non-alcoholic Beverages,2013,33742.0,11473.916888074633
398,Australia,Alcoholic Beverages,2015,1797352.14,1875410.4121141224
1481,Croatia,Fats and Oils (excluding Butter),2023,93056.0,179972.316502043
4710,Morocco,Alcoholic Beverages,2015,12620.33,11547.669542267691
1254,"China, Taiwan Province of",Dairy Products and Eggs,2016,18547.37,19146.054103873255
6371,Senegal,Alcoholic Beverages,2019,1214.9,2708.6932067692724
4545,Mexico,Fats and Oils (excluding Butter),2024,1276759.0,2275960.8056207816
2849,Guyana,Meat and Meat Preparations,2013,175924.0,2143.8908153443263
3211,Indonesia,Cereals and Preparations,2019,824280.11,1027440.9781886298
7535,Uruguay,Sugar and Honey,2018,14222.49,92597.0446258054
409,Australia,Non-alcoholic Beverages,2018,2203541.0,313625.8575945154
6473,Slovakia,Sugar and Honey,2016,220087.9,294833.59799247136
1593,Cyprus,Meat and Meat Preparations,2022,659.0,2146.682312980841
5480,Oman,Alcoholic Beverages,2015,209.16,98.70630359392308
7665,Zambia,Fats and Oils (excluding Butter),2013,25747.17,8712.937060874303
774,Bosnia and Herzegovina,Fruit and Vegetables,2014,57884.0,31364.332462630926
2306,Ethiopia,Alcoholic Beverages,2018,2201.18,3886.494310117957
7718,Zambia,Alcoholic Beverages,2024,10446.93,38863.87941140111
5382,Norway,Dairy Products and Eggs,2019,89315.48,104930.67446593867
1655,Cyprus,Non-alcoholic Beverages,2024,8843.0,48954.89670460577
6368,Senegal,Alcoholic Beverages,2016,1066.76,2433.2992594609514
4257,Luxembourg,Alcoholic Beverages,2019,76746.42,75239.85200950745
6281,Saudi Arabia,Non-alcoholic Beverages,2013,209288.0,242155.50025658117
4787,Myanmar,Alcoholic Beverages,2022,698.53,876.0599155450957
410,Australia,Non-alcoholic Beverages,2019,2817175.0,1047381.8464768274
6403,Serbia,Meat and Meat Preparations,2014,515477.0,208373.57983197903
3625,Italy,Sugar and Honey,2014,431838.73,629100.6748230904
4891,Nepal,Alcoholic Beverages,2015,338.82,588.0658888195633
6471,Slovakia,Sugar and Honey,2014,342076.2,270147.21540402237
2904,Hungary,Fats and Oils (excluding Butter),2024,1398921.0,1773119.5529127647
1093,Canada,Other food,2017,12775446.07,12534943.370370822
1129,Chile,Meat and Meat Preparations,2018,64439.0,207454.0380878551
5173,Nicaragua,Sugar and Honey,2017,202525.23,190866.9788257939
6962,Switzerland,Other food,2013,4404670.0,3327733.4829404396
6214,Samoa,Non-alcoholic Beverages,2023,440.98,9878.97465029986
7618,Venezuela (Bolivarian Republic of),Dairy Products and Eggs,2017,17418.0,3608.505759405227
3923,Kyrgyzstan,Other food,2018,16222.72,17342.451392529354
6562,Slovenia,Fats and Oils (excluding Butter),2021,88550.66,118700.14982869153
6251,Saudi Arabia,Sugar and Honey,2015,226059.48,229875.9299578377
850,Brazil,Fruit and Vegetables,2014,237777.0,1011688.9366882101
70,Albania,Non-alcoholic Beverages,2017,494.7,485.5981802185499
6183,Samoa,Sugar and Honey,2014,58.96,23.096576555572746
2836,Guinea,Non-alcoholic Beverages,2014,260.2,1131.3433797225393
266,Argentina,Non-alcoholic Beverages,2016,29076.1,46909.82364124067
3921,Kyrgyzstan,Other food,2013,8664.72,26712.622650432175
2672,Ghana,Cereals and Preparations,2024,154454.0,51436.40658817566
3862,Kuwait,Sugar and Honey,2014,20440.0,4311.456985118906
342,Armenia,Other food,2014,25974.21,21680.465486363173
5433,Oman,Fats and Oils (excluding Butter),2013,137586.0,411460.90048670897
340,Armenia,Non-alcoholic Beverages,2023,10936.51,121753.29876073069
7320,Ukraine,Dairy Products and Eggs,2022,262290.0,174597.13992145105
177,Antigua and Barbuda,Fruit and Vegetables,2014,666.0,18.000809431978738
44,Albania,Fruit and Vegetables,2023,5164.0,18155.870528836393
5014,New Caledonia,Alcoholic Beverages,2014,684.49,579.2018314192153
5734,Peru,Dairy Products and Eggs,2018,123481.57,103265.10121933071
5273,Niger,Non-alcoholic Beverages,2022,41339.37,92442.05587841597
3174,India,Alcoholic Beverages,2018,220338.58,199530.16197774216
2058,Ecuador,Alcoholic Beverages,2013,494.53,1136.5832797886433
4908,Nepal,Non-alcoholic Beverages,2020,5.89,677.9448353243906
2825,Guinea,Fruit and Vegetables,2020,46.0,21913.77785486207
145,Algeria,Other food,2014,14285.75,33504.48608687303
2328,Fiji,Fats and Oils (excluding Butter),2014,49714.0,4875.541378248594
1907,Dominican Republic,Cereals and Preparations,2018,107338.17,119790.1906855995
746,Bolivia (Plurinational State of),Alcoholic Beverages,2015,3858.95,34849.622563478995
5206,Nicaragua,Alcoholic Beverages,2020,6505.0,18449.78997661976
7255,Türkiye,Non-alcoholic Beverages,2021,329367.81,414821.41869086016
3994,Latvia,Dairy Products and Eggs,2020,325470.32,321556.35353528534
7670,Zambia,Fats and Oils (excluding Butter),2020,13831.14,75740.37401075505
2255,Estonia,Dairy Products and Eggs,2014,11134.0,125101.29475583322
2140,Egypt,Alcoholic Beverages,2017,1300.82,13036.03193334866
5971,Republic of Korea,Non-alcoholic Beverages,2024,1316492.0,1484845.192504095
2826,Guinea,Fruit and Vegetables,2021,6.32,26.13919916536462
5110,New Zealand,Alcoholic Beverages,2020,1375196.74,1265145.0489993212
1444,Côte d'Ivoire,Alcoholic Beverages,2014,8261.55,1718.8596620439487
5290,Nigeria,Dairy Products and Eggs,2013,3342.0,20066.809776870585
566,Bangladesh,Sugar and Honey,2024,92083.0,101545.40243531342
4641,Mongolia,Dairy Products and Eggs,2014,4.0,285.6986831290017
2233,El Salvador,Non-alcoholic Beverages,2023,515166.0,275567.9468393959
265,Argentina,Non-alcoholic Beverages,2015,32881.71,54383.41208825352
2531,French Polynesia,Fruit and Vegetables,2014,6903.55,45615.58671832219
552,Bangladesh,Meat and Meat Preparations,2022,239.0,6921.197817420763
1829,Denmark,Meat and Meat Preparations,2024,385447.0,496091.3032249065
4461,Mauritius,Sugar and Honey,2024,6876.0,2710.014414950992
988,Cameroon,Alcoholic Beverages,2014,793405.0,189019.55148254085
6036,Republic of Moldova,Fruit and Vegetables,2022,3629.0,12203.735879459824
1026,Canada,Meat and Meat Preparations,2022,883980.0,634389.4737331431
1131,Chile,Sugar and Honey,2013,70526.0,404078.1521039758
1973,Dominican Republic,Dairy Products and Eggs,2024,123690.0,510002.1741032136
6315,Senegal,Fats and Oils (excluding Butter),2018,60194.19,51081.83121912401
1169,Chile,Other food,2016,452070.25,383199.799113869
5556,Pakistan,Fruit and Vegetables,2021,35237.0,296592.0987965917
3430,Iraq,Fruit and Vegetables,2019,1.0,137460.9112456615
1106,Central African Republic,Dairy Products and Eggs,2014,15985.0,1999.7531114748122
3864,Kuwait,Fruit and Vegetables,2014,0.0,24197.434229563933
3898,Kyrgyzstan,Fruit and Vegetables,2014,111198.51,231601.86212049695
5233,Niger,Cereals and Preparations,2021,3585.0,1297.679067548856
276,Argentina,Other food,2015,4945973.89,3459352.514687799
5183,Nicaragua,Fruit and Vegetables,2017,293864.76,288328.3747476749
6712,Sri Lanka,Fruit and Vegetables,2024,3610.37,157441.973670306
2378,Finland,Dairy Products and Eggs,2018,191080.0,195713.22513736977
6127,Saint Kitts and Nevis,Sugar and Honey,2014,2.0,1.8538389686014844
1122,Chile,Fats and Oils (excluding Butter),2018,965910.0,899069.5584345281
7073,Togo,Fruit and Vegetables,2022,23145.62,27212.77225940459
5342,Norway,Meat and Meat Preparations,2015,22189.26,24924.981379797053
713,Bolivia (Plurinational State of),Cereals and Preparations,2018,385248.0,168825.99024883824
920,Burundi,Meat and Meat Preparations,2017,500.0,3052.1300777426623
1600,Cyprus,Sugar and Honey,2017,323.46,882.2250678138065
3498,Ireland,Fruit and Vegetables,2013,305327.0,403001.7931960656
882,Bulgaria,Alcoholic Beverages,2014,829742.0,72848.68912663867
2464,France,Dairy Products and Eggs,2020,7148878.12,6247878.259949249
2938,Hungary,Fruit and Vegetables,2022,262307.0,418462.8124667156
3971,Latvia,Sugar and Honey,2021,27523.76,44084.78700345077
5103,New Zealand,Alcoholic Beverages,2013,1111103.0,1276249.977175442
5605,Panama,Meat and Meat Preparations,2013,49198.02,25904.00327318066
4453,Mauritius,Sugar and Honey,2016,237568.26,223225.2458329128
1063,Canada,Dairy Products and Eggs,2023,657610.0,1199014.3580820393
3480,Ireland,Meat and Meat Preparations,2019,4270020.55,4745398.516243919
2207,El Salvador,Fruit and Vegetables,2024,24377.66,31403.182184058205
1285,"China, Taiwan Province of",Non-alcoholic Beverages,2023,430133.0,433773.5136414025
5879,Republic of Korea,Cereals and Preparations,2016,602358.08,499117.1357184802
3362,Iran (Islamic Republic of),Fruit and Vegetables,2018,2994258.74,2607904.1525938823
5026,New Caledonia,Other food,2014,803.31,594.2673086840765
6754,Suriname,Meat and Meat Preparations,2014,40256.0,11450.576933314509
4795,Myanmar,Other food,2020,470143.76,260632.1224916422
6203,Samoa,Alcoholic Beverages,2019,1937.54,1726.1386209395714
4460,Mauritius,Sugar and Honey,2023,7048.0,4221.026702972406
5072,New Zealand,Sugar and Honey,2018,360598.52,351347.3419517788
2405,France,Cereals and Preparations,2021,14157922.1,14627594.018779224
487,Austria,Other food,2020,2347007.01,2548168.5401292695
6310,Senegal,Fats and Oils (excluding Butter),2013,41924.0,146611.22016431706
3036,Iceland,Sugar and Honey,2024,299.0,33692.07468478603
3565,Israel,Fats and Oils (excluding Butter),2018,39183.0,103964.45944976104
5120,New Zealand,Non-alcoholic Beverages,2018,131529.52,114670.79887042737
7153,Tunisia,Dairy Products and Eggs,2015,40614.96,41589.88949213301
6929,Switzerland,Dairy Products and Eggs,2016,697505.42,620232.0017014021
4429,Mauritius,Fats and Oils (excluding Butter),2016,2007.69,1194.9952262046902
5894,Republic of Korea,Fats and Oils (excluding Butter),2019,65810.43,60589.852215875544
2406,France,Cereals and Preparations,2022,1262588.0,5015812.265721524
5831,Philippines,Non-alcoholic Beverages,2018,145686.0,224025.05321028485
6947,Switzerland,Alcoholic Beverages,2022,1353688.0,639721.8924980446
3289,Indonesia,Non-alcoholic Beverages,2013,63427.0,36529.74723824093
6151,Saint Lucia,Fruit and Vegetables,2013,205.0,4857.1690768458475
7137,Tunisia,Sugar and Honey,2013,16826.0,200834.89605524056
5730,Peru,Dairy Products and Eggs,2014,166287.31,119312.735883435
2381,Finland,Alcoholic Beverages,2015,167064.35,14632.95613436852
2385,Finland,Non-alcoholic Beverages,2013,26680.0,26650.999334063014
7290,Ukraine,Cereals and Preparations,2022,1919094.0,3300346.0615727585
6464,Slovakia,Meat and Meat Preparations,2019,269753.51,247561.17160407454
3792,Jordan,Other food,2013,275738.43,180080.42162207604
1838,Denmark,Sugar and Honey,2021,330939.56,288529.7161242046
2257,Estonia,Alcoholic Beverages,2014,280842.0,102116.3767269797
5414,Norway,Other food,2015,201691.03,166215.30537797822
6698,Sri Lanka,Sugar and Honey,2019,2428.06,16172.742683679244
2089,Egypt,Cereals and Preparations,2020,441977.0,241691.8329560146
3218,Indonesia,Fats and Oils (excluding Butter),2014,20906068.28,25099320.73584491
6334,Senegal,Sugar and Honey,2015,3315.24,3578.8911191967904
1205,"China, Taiwan Province of",Fats and Oils (excluding Butter),2015,53897.45,73892.98959835691
5271,Niger,Non-alcoholic Beverages,2020,90944.0,8441.68744265038
116,Algeria,Fruit and Vegetables,2013,53598.0,22679.15512960763
4451,Mauritius,Sugar and Honey,2014,261780.89,14591.670335622523
744,Bolivia (Plurinational State of),Alcoholic Beverages,2013,3223.0,4040.4817954890304
5524,Pakistan,Fats and Oils (excluding Butter),2022,167401.0,14394.14681305506
2998,Iceland,Cereals and Preparations,2022,0.0,678.1883932489585
5152,Nicaragua,Fats and Oils (excluding Butter),2016,45154.08,63971.75132724412
6249,Saudi Arabia,Sugar and Honey,2013,285795.0,527795.3760305934
2717,Ghana,Fruit and Vegetables,2021,686313.45,475460.63959551806
3053,Iceland,Dairy Products and Eggs,2017,6917.63,6182.041825664439
5522,Pakistan,Fats and Oils (excluding Butter),2020,44818.93,187300.44269376138
6139,Saint Kitts and Nevis,Non-alcoholic Beverages,2022,109.46,313.63027457383794
4884,Nepal,Dairy Products and Eggs,2020,532.77,2711.6240420046515
2307,Ethiopia,Alcoholic Beverages,2019,3284.53,434.04693750063825
895,Burkina Faso,Fruit and Vegetables,2013,85.0,33209.703127309906
6627,Slovenia,Non-alcoholic Beverages,2014,63202.39,70877.12217738478
6812,Sweden,Fruit and Vegetables,2014,403328.71,453684.2152085688
1974,Dominican Republic,Alcoholic Beverages,2013,115136.0,132313.3643054825
5968,Republic of Korea,Non-alcoholic Beverages,2021,606296.51,647304.2946614979
1859,Denmark,Dairy Products and Eggs,2018,2872500.09,2749410.640044195
2181,El Salvador,Meat and Meat Preparations,2013,12191.86,18325.806484557565
3268,Indonesia,Dairy Products and Eggs,2016,36604.25,88513.75596070176
1032,Canada,Sugar and Honey,2016,1000416.16,773305.4028461361
6476,Slovakia,Sugar and Honey,2019,234572.57,166509.73695862893
4985,New Caledonia,Fats and Oils (excluding Butter),2013,15.23,176.96830586853517
727,Bolivia (Plurinational State of),Sugar and Honey,2014,23566.04,32929.64013298096
176,Antigua and Barbuda,Fruit and Vegetables,2013,87.0,24.825376825737266
2609,Georgia,Fats and Oils (excluding Butter),2021,2618.51,7054.327484864427
6587,Slovenia,Sugar and Honey,2022,260188.0,158198.08859679065
2473,France,Alcoholic Beverages,2017,15767555.42,17923909.54063795
937,Burundi,Dairy Products and Eggs,2018,2073.0,302.31864481926794
503,Azerbaijan,Dairy Products and Eggs,2014,826.0,7356.125995762709
4008,Latvia,Alcoholic Beverages,2022,22050.0,36137.28258897798
4439,Mauritius,Meat and Meat Preparations,2014,325.83,2108.060642881924
454,Austria,Fruit and Vegetables,2019,1331950.19,1385247.640387828
784,Bosnia and Herzegovina,Non-alcoholic Beverages,2017,41195.49,67559.02860670982
1998,Dominican Republic,Other food,2013,312051.0,292845.1973446118
824,Botswana,Non-alcoholic Beverages,2014,1937.35,8456.19853569563
5466,Oman,Fruit and Vegetables,2019,209235.0,128834.82187775048
1522,Croatia,Dairy Products and Eggs,2020,83568.31,65168.384171828206
2052,Ecuador,Dairy Products and Eggs,2017,2771.58,4976.400170839387
6456,Slovakia,Fats and Oils (excluding Butter),2023,246502.0,299481.3196018928
6834,Sweden,Alcoholic Beverages,2014,847803.04,821453.0394907761
5310,North Macedonia,Alcoholic Beverages,2013,12831.0,44689.97400186288
6697,Sri Lanka,Sugar and Honey,2018,2982.34,3439.031939043399
3636,Italy,Fruit and Vegetables,2015,9546667.18,11428150.13454048
1067,Canada,Alcoholic Beverages,2015,676657.19,795264.9862343915
6688,Sri Lanka,Meat and Meat Preparations,2018,3919.41,16945.556081312887
6246,Saudi Arabia,Meat and Meat Preparations,2019,325063.0,166140.6946418919
7401,United States of America,Cereals and Preparations,2019,21530972.48,29310222.88896078
3221,Indonesia,Fats and Oils (excluding Butter),2017,22773280.0,19280947.368319258
1179,"China, Hong Kong SAR",Sugar and Honey,2013,1824335.0,371465.40665894235
2359,Finland,Meat and Meat Preparations,2017,85899.0,84765.51236785452
5100,New Zealand,Dairy Products and Eggs,2022,885246.0,1330241.5261219214
3178,India,Alcoholic Beverages,2022,6430.0,43203.063737166965
1105,Central African Republic,Fruit and Vegetables,2014,0.0,55.16323658919215
4236,Luxembourg,Sugar and Honey,2022,212200.0,99042.34184848641
2450,France,Fruit and Vegetables,2018,6122496.78,6969931.038272423
4997,New Caledonia,Sugar and Honey,2014,17.04,10.766065407189636
2850,Guyana,Meat and Meat Preparations,2014,8331.0,20030.205942356453
3222,Indonesia,Fats and Oils (excluding Butter),2018,20099870.19,13355382.175328325
1535,Croatia,Alcoholic Beverages,2022,64050.0,40347.24442097344
1925,Dominican Republic,Fats and Oils (excluding Butter),2024,10619.0,4652.511528751564
6988,Tajikistan,Fats and Oils (excluding Butter),2022,0.0,2.1433480885399456
1451,Côte d'Ivoire,Non-alcoholic Beverages,2020,1366.37,76013.2498138949
1533,Croatia,Alcoholic Beverages,2020,80637.85,93498.49470820394
2692,Ghana,Meat and Meat Preparations,2020,118.35,1063.4529855571159
6458,Slovakia,Meat and Meat Preparations,2013,274564.0,298349.9563176479
2958,Hungary,Alcoholic Beverages,2018,168773.57,141388.09218769256
2234,El Salvador,Non-alcoholic Beverages,2024,218657.96,275942.23357529583
133,Algeria,Alcoholic Beverages,2016,641.65,8392.357967898875
4598,Mexico,Alcoholic Beverages,2017,5243194.95,6144283.331401436
7680,Zambia,Meat and Meat Preparations,2021,151088.0,37332.277986679364
4715,Morocco,Non-alcoholic Beverages,2013,16646.0,29781.901321247027
3427,Iraq,Fruit and Vegetables,2014,130529.0,211180.94458596702
5058,New Zealand,Meat and Meat Preparations,2016,4289439.88,5955913.536383166
5801,Philippines,Sugar and Honey,2016,128283.24,340848.2608838539
6573,Slovenia,Meat and Meat Preparations,2020,284496.19,308649.35885879607
6033,Republic of Moldova,Fruit and Vegetables,2019,293207.73,285115.9983433688
2337,Fiji,Alcoholic Beverages,2013,75196.0,12170.873613047248
4700,Morocco,Fruit and Vegetables,2019,123610.0,41182.653525524984
913,Burundi,Fats and Oils (excluding Butter),2016,241.63,86.87782664802933
3714,Japan,Alcoholic Beverages,2013,132074.0,149525.68095781404
1864,Denmark,Dairy Products and Eggs,2023,649295.0,1157549.6258366876
1209,"China, Taiwan Province of",Fats and Oils (excluding Butter),2019,59205.71,65181.99448510228
6625,Slovenia,Alcoholic Beverages,2024,51655.0,47240.569316707406
77,Albania,Other food,2013,3862.0,2703.150534141435
1207,"China, Taiwan Province of",Fats and Oils (excluding Butter),2017,48833.71,64791.525959694336
7151,Tunisia,Dairy Products and Eggs,2013,54417.0,21247.37896896147
4913,Nepal,Other food,2013,81819.49,58158.495452974035
3537,Ireland,Non-alcoholic Beverages,2016,148557.76,142862.09912621957
1520,Croatia,Dairy Products and Eggs,2018,86630.48,56610.48536733823
5265,Niger,Alcoholic Beverages,2014,5.0,1059.8055172065096
4505,Mauritius,Non-alcoholic Beverages,2020,1753.24,1418.8179840157331
5998,Republic of Moldova,Fats and Oils (excluding Butter),2017,53593.09,47771.40629495998
1267,"China, Taiwan Province of",Alcoholic Beverages,2017,289093.98,215878.91580831693
668,Belize,Meat and Meat Preparations,2014,103789.0,5859.374047791681
3848,Kenya,Non-alcoholic Beverages,2024,1722761.62,1552093.0655383575
6779,Sweden,Fats and Oils (excluding Butter),2014,592505.58,441588.22007316706
4553,Mexico,Meat and Meat Preparations,2020,2576253.9,2341323.6612070035
2401,France,Cereals and Preparations,2017,10822640.67,13649131.952185133
463,Austria,Dairy Products and Eggs,2020,1527190.97,1743068.703791052
5904,Republic of Korea,Meat and Meat Preparations,2017,37336.63,77276.53911573964
7750,Zimbabwe,Sugar and Honey,2014,9131.0,1582.8276432115197
7109,Trinidad and Tobago,Dairy Products and Eggs,2014,63124.0,14981.472851133187
3106,India,Cereals and Preparations,2022,643150.0,1420927.0192124299
3293,Indonesia,Non-alcoholic Beverages,2017,121077.79,71456.3534182786
2948,Hungary,Dairy Products and Eggs,2020,413030.02,348584.2326247423
5039,New Zealand,Cereals and Preparations,2021,1440170.78,1758374.1276078343
7089,Togo,Non-alcoholic Beverages,2020,211594.0,47487.40309327379
3767,Jordan,Dairy Products and Eggs,2018,64629.83,50905.423133857505
1204,"China, Taiwan Province of",Fats and Oils (excluding Butter),2014,62296.03,94690.47614679598
2458,France,Dairy Products and Eggs,2014,8774860.17,7643687.187202436
75,Albania,Non-alcoholic Beverages,2022,1105.0,9790.5378170394
540,Bangladesh,Fats and Oils (excluding Butter),2022,0.0,28.790212976479758
4999,New Caledonia,Sugar and Honey,2017,1154.0,1750.0174797176253
7380,United Republic of Tanzania,Alcoholic Beverages,2017,571.0,2799.0825299658018
6705,Sri Lanka,Fruit and Vegetables,2014,339702.96,552196.1711688958
7712,Zambia,Alcoholic Beverages,2017,4429.38,11898.753868165228
2723,Ghana,Dairy Products and Eggs,2015,6920.82,5441.509945036731
6067,Republic of Moldova,Non-alcoholic Beverages,2020,3438.96,10094.939887867757
7594,Venezuela (Bolivarian Republic of),Fats and Oils (excluding Butter),2017,16.0,330.92814867518456
5193,Nicaragua,Dairy Products and Eggs,2017,173335.44,169891.84128674032
6835,Sweden,Alcoholic Beverages,2015,773788.9,676472.8793795691
7416,United States of America,Fats and Oils (excluding Butter),2022,13214478.0,13630370.863694903
3102,India,Cereals and Preparations,2018,8393267.08,8180940.082908724
335,Armenia,Non-alcoholic Beverages,2014,10007.58,16993.817061340807
32,Albania,Sugar and Honey,2020,18571.0,11758.835648153141
685,Benin,Meat and Meat Preparations,2013,36014.0,7369.420793003765
949,Burundi,Non-alcoholic Beverages,2018,73442.0,71235.12838564154
6782,Sweden,Fats and Oils (excluding Butter),2017,612263.97,360023.01052929525
6123,Saint Kitts and Nevis,Fats and Oils (excluding Butter),2014,13.0,1.4653038937514198
4129,Lesotho,Other food,2019,1324.65,1034.3272750076537
6616,Slovenia,Alcoholic Beverages,2015,75990.45,55450.27893570733
4499,Mauritius,Non-alcoholic Beverages,2014,4506.87,5524.0360654402375
4263,Luxembourg,Non-alcoholic Beverages,2013,50546.3,35952.99580320465
6319,Senegal,Fats and Oils (excluding Butter),2022,544.0,670.4574396181999
329,Armenia,Alcoholic Beverages,2019,278574.07,173303.880412355
7300,Ukraine,Meat and Meat Preparations,2014,668728.17,668782.4774732613
3371,Iran (Islamic Republic of),Dairy Products and Eggs,2016,592211.33,599700.2170937046
7411,United States of America,Fats and Oils (excluding Butter),2017,3054603.82,3542294.4970841454
4264,Luxembourg,Non-alcoholic Beverages,2014,56822.77,52417.14308772098
5932,Republic of Korea,Fruit and Vegetables,2021,1332614.15,1094333.930193337
114,Algeria,Sugar and Honey,2018,36999.0,99158.05009420539
1810,Denmark,Fats and Oils (excluding Butter),2017,529360.93,383249.62849163124
5924,Republic of Korea,Fruit and Vegetables,2013,493774.0,764659.068721921
4555,Mexico,Meat and Meat Preparations,2022,1355095.0,674426.8907117045
50,Albania,Dairy Products and Eggs,2018,359.74,498.5510540825241
840,Brazil,Fats and Oils (excluding Butter),2016,15233033.0,2763759.681094042
2354,Finland,Fats and Oils (excluding Butter),2018,158367.0,188877.11054750605
7439,United States of America,Sugar and Honey,2021,1988285.96,3171300.0368964383
4226,Luxembourg,Meat and Meat Preparations,2020,48392.78,37395.02568380982
3064,Iceland,Alcoholic Beverages,2016,5336.91,4844.350347270721
2440,France,Sugar and Honey,2020,1412316.94,1350800.6374168668
1366,Colombia,Other food,2019,3180298.37,3996575.019485698
6327,Senegal,Meat and Meat Preparations,2019,1919.71,2673.437269367793
5726,Peru,Fruit and Vegetables,2022,99019.0,156666.93340933538
3635,Italy,Fruit and Vegetables,2014,9067640.88,13018795.110464832
2088,Egypt,Cereals and Preparations,2019,153736.0,240691.83418347547
1733,Czechia,Dairy Products and Eggs,2018,919538.56,967671.5503287956
1023,Canada,Meat and Meat Preparations,2019,5996877.36,5945847.506317591
37,Albania,Fruit and Vegetables,2016,69861.95,75310.07179180291
1432,Côte d'Ivoire,Fruit and Vegetables,2014,1028594.95,1387639.570253964
5128,New Zealand,Other food,2014,1175333.26,835802.1161915266
69,Albania,Non-alcoholic Beverages,2016,2782.67,840.038928243052
5406,Norway,Non-alcoholic Beverages,2019,60497.77,63001.891208667446
4903,Nepal,Non-alcoholic Beverages,2015,7.19,3048.5374763843015
3769,Jordan,Dairy Products and Eggs,2020,74857.5,33251.19298947113
227,Argentina,Sugar and Honey,2021,2884745.0,659196.4983616171
1684,Czechia,Fats and Oils (excluding Butter),2017,404249.31,309069.59499563236
6629,Slovenia,Non-alcoholic Beverages,2016,58013.53,51785.98937717882
3734,Jordan,Fats and Oils (excluding Butter),2021,6709.4,38550.89279872806
180,Antigua and Barbuda,Alcoholic Beverages,2013,81.0,577.6039787811369
309,Armenia,Sugar and Honey,2020,855.32,7244.10424772165
7748,Zimbabwe,Meat and Meat Preparations,2021,53981.45,235651.02078258208
2087,Egypt,Cereals and Preparations,2018,367248.82,457830.90731378953
7723,Zambia,Non-alcoholic Beverages,2019,62576.25,42531.504082783664
4186,Lithuania,Meat and Meat Preparations,2013,81298.0,331418.64379080915
5676,Peru,Cereals and Preparations,2020,360450.35,343782.23982545425
2192,El Salvador,Sugar and Honey,2018,241747.27,145565.0764410232
42,Albania,Fruit and Vegetables,2021,2947.0,70396.24325259663
355,Australia,Cereals and Preparations,2020,621416.0,1029308.5316896994
5022,New Caledonia,Non-alcoholic Beverages,2017,690.0,218.97931951536603
4940,Netherlands (Kingdom of the),Meat and Meat Preparations,2022,1410104.92,1945603.0828872882
6881,Switzerland,Fats and Oils (excluding Butter),2016,59939.76,71168.44382815914
6840,Sweden,Alcoholic Beverages,2020,566827.59,638859.7722398324
5684,Peru,Fats and Oils (excluding Butter),2016,44360.5,56796.54081922465
2758,Ghana,Other food,2014,2682066.18,2853783.5213438487
4682,Morocco,Meat and Meat Preparations,2015,3377.55,4233.945764715661
4080,Lebanon,Non-alcoholic Beverages,2017,79493.0,87960.93464467843
3506,Ireland,Fruit and Vegetables,2021,465953.57,533497.5396543173
14,Albania,Fats and Oils (excluding Butter),2016,391.37,2365.3457613381706
1049,Canada,Fruit and Vegetables,2021,8590390.75,6617647.248669523
5935,Republic of Korea,Fruit and Vegetables,2024,32699.0,340035.6585721468
5934,Republic of Korea,Fruit and Vegetables,2023,16898.0,338212.8801089974
6175,Samoa,Meat and Meat Preparations,2013,506.23,132.6097792259847
2772,Greece,Fats and Oils (excluding Butter),2014,165903.0,321352.58863598283
970,Cambodia,Alcoholic Beverages,2014,2220.0,16491.040826689932
6605,Slovenia,Dairy Products and Eggs,2016,155994.27,168741.7338778121
1020,Canada,Meat and Meat Preparations,2016,4995487.28,5373128.1524594
5836,Philippines,Other food,2016,284667.67,201331.2633572275
1194,"China, Taiwan Province of",Cereals and Preparations,2016,336636.47,254635.800919139
4488,Mauritius,Alcoholic Beverages,2015,6483.31,7752.484044734765
7472,United States of America,Alcoholic Beverages,2018,4486982.64,4172583.390287681
2486,France,Non-alcoholic Beverages,2018,1817922.19,1797668.9471107465
6204,Samoa,Alcoholic Beverages,2020,1067.21,2095.474118454754
1037,Canada,Sugar and Honey,2021,1168471.84,1497085.231126359
4552,Mexico,Meat and Meat Preparations,2019,2248496.82,2300245.9218703457
3616,Italy,Meat and Meat Preparations,2015,3298818.4,3106441.3618035503
6948,Switzerland,Alcoholic Beverages,2023,1463378.0,750436.4164973163
7548,Uruguay,Dairy Products and Eggs,2013,871278.0,442519.8332057277
25,Albania,Sugar and Honey,2013,324.0,638.0560204789773
7131,Tunisia,Meat and Meat Preparations,2014,3481.2,11962.873570376121
7616,Venezuela (Bolivarian Republic of),Dairy Products and Eggs,2015,0.13,4328.294426388211
5686,Peru,Fats and Oils (excluding Butter),2018,76459.72,57133.95867096949
772,Bosnia and Herzegovina,Sugar and Honey,2017,74670.88,45570.348381239084
2702,Ghana,Sugar and Honey,2018,197.32,232.3393658936202
5038,New Zealand,Cereals and Preparations,2020,1618921.74,1491374.2881538873
2135,Egypt,Dairy Products and Eggs,2021,4534.0,73826.009691534
4838,Nepal,Fats and Oils (excluding Butter),2022,670.0,3177.56145815106
2195,El Salvador,Sugar and Honey,2021,320173.44,288905.3209258005
361,Australia,Fats and Oils (excluding Butter),2018,6158777.0,850943.8897952095
941,Burundi,Alcoholic Beverages,2016,5532.06,2127.7540303285955
791,Botswana,Cereals and Preparations,2016,754.0,6483.474291129675
6190,Samoa,Fruit and Vegetables,2019,8821.67,2992.235507584639
4048,Lebanon,Meat and Meat Preparations,2014,17836.4,44185.58341037923
4496,Mauritius,Alcoholic Beverages,2023,7339.0,4492.6060218533385
3598,Italy,Cereals and Preparations,2019,6066755.68,6818122.23074876
7623,Venezuela (Bolivarian Republic of),Alcoholic Beverages,2016,1005.0,1065.426254927418
4046,Lebanon,Fats and Oils (excluding Butter),2019,21776.0,38808.94295133056
4306,Malawi,Fats and Oils (excluding Butter),2015,326.29,40943.177826764804
3325,Iran (Islamic Republic of),Fats and Oils (excluding Butter),2014,22910.04,87973.76276467054
6787,Sweden,Fats and Oils (excluding Butter),2022,262220.0,391496.3557769867
589,Bangladesh,Dairy Products and Eggs,2023,0.0,6.377000347372162
1251,"China, Taiwan Province of",Dairy Products and Eggs,2013,15877.0,18737.178967758995
7669,Zambia,Fats and Oils (excluding Butter),2019,16027.71,56404.94874692233
3781,Jordan,Alcoholic Beverages,2023,30057.0,105133.26134104386
6516,Slovakia,Alcoholic Beverages,2023,101429.0,131811.5537944486
4140,Libya,Fats and Oils (excluding Butter),2014,95.62,17.927064918514393
5885,Republic of Korea,Cereals and Preparations,2022,40721.0,58143.541322355566
496,Azerbaijan,Meat and Meat Preparations,2013,199185.0,27975.451306302733
1350,Colombia,Alcoholic Beverages,2019,12862.11,24414.111478729195
534,Bangladesh,Fats and Oils (excluding Butter),2016,9580.06,27014.170027453696
5644,Papua New Guinea,Dairy Products and Eggs,2014,11.0,447.0466068002132
1076,Canada,Alcoholic Beverages,2024,218956.0,339001.2120538999
4290,Madagascar,Dairy Products and Eggs,2014,1044.0,15737.480268143167
315,Armenia,Fruit and Vegetables,2019,95629.32,159975.5612888597
1252,"China, Taiwan Province of",Dairy Products and Eggs,2014,16108.57,26324.721358680992
4214,Luxembourg,Cereals and Preparations,2024,3117.44,22867.73149993043
228,Argentina,Sugar and Honey,2022,3694648.0,2013114.9336328947
5794,Philippines,Meat and Meat Preparations,2016,20763.43,73284.81197258031
2157,Egypt,Other food,2016,555031.93,411874.7420211801
3360,Iran (Islamic Republic of),Fruit and Vegetables,2016,3337051.55,2525043.8223802797
3750,Jordan,Sugar and Honey,2019,22884.28,30989.277400386327
2408,France,Cereals and Preparations,2024,1692721.0,5663596.766543853
767,Bosnia and Herzegovina,Meat and Meat Preparations,2013,37023.0,30034.42045341636
1361,Colombia,Non-alcoholic Beverages,2023,3157324.0,3628917.7641315823
2917,Hungary,Sugar and Honey,2013,544607.0,540011.9063714448
3668,Italy,Non-alcoholic Beverages,2019,1316982.54,1288546.6165894654
443,Austria,Meat and Meat Preparations,2024,252833.02,444006.36511683895
6383,Senegal,Non-alcoholic Beverages,2020,20190.93,6062.322796745759
1132,Chile,Sugar and Honey,2014,56964.4,707624.936692507
3795,Jordan,Other food,2019,311552.37,327913.91180641705
425,Austria,Cereals and Preparations,2022,205020.0,250147.4210356262
7473,United States of America,Alcoholic Beverages,2019,4299158.53,5463451.458743805
2624,Georgia,Sugar and Honey,2022,226570.25,215330.8236218038
1664,Cyprus,Other food,2021,12962.98,21606.05286940457
1965,Dominican Republic,Dairy Products and Eggs,2016,11661.86,11925.592304675822
4556,Mexico,Meat and Meat Preparations,2023,1933090.0,665146.2048225383
430,Austria,Fats and Oils (excluding Butter),2019,289309.17,376423.65489857376
7158,Tunisia,Alcoholic Beverages,2013,11696.0,20292.1981448331
5445,Oman,Meat and Meat Preparations,2016,92912.31,29868.552008910174
6692,Sri Lanka,Meat and Meat Preparations,2022,853.0,60526.24732236997
3759,Jordan,Fruit and Vegetables,2019,427740.95,302518.39308721
3575,Israel,Fruit and Vegetables,2016,19402.0,1473770.778928791
4287,Madagascar,Fruit and Vegetables,2013,87.0,33726.00012346133
3485,Ireland,Meat and Meat Preparations,2024,133046.0,189877.90581874544
2790,Guatemala,Fats and Oils (excluding Butter),2014,815938.0,372386.0001956085
3737,Jordan,Fats and Oils (excluding Butter),2024,123955.23,149549.02751560518
718,Bolivia (Plurinational State of),Fats and Oils (excluding Butter),2017,5313.0,32653.02744826426
5145,Nicaragua,Cereals and Preparations,2019,17671.67,65975.3819364647
5507,Pakistan,Cereals and Preparations,2016,1942004.19,2794719.93924189
7283,Uganda,Non-alcoholic Beverages,2013,618695.0,32336.15555128724
5781,Philippines,Cereals and Preparations,2017,1271411.0,450498.2606148127
1944,Dominican Republic,Sugar and Honey,2019,112379.48,134807.35494693156
4681,Morocco,Meat and Meat Preparations,2014,4903.69,8541.442901719249
5682,Peru,Fats and Oils (excluding Butter),2014,89469.28,54221.92981675066
5348,Norway,Meat and Meat Preparations,2021,31266.02,25918.72835721974
5782,Philippines,Cereals and Preparations,2018,1432973.0,490080.86915767565
6740,Sri Lanka,Other food,2013,1710847.71,1763225.2326353863
94,Algeria,Cereals and Preparations,2019,7298.0,86984.20027210588
6188,Samoa,Fruit and Vegetables,2013,6877.73,1434.945746163113
4452,Mauritius,Sugar and Honey,2015,222704.79,91780.1440653672
6617,Slovenia,Alcoholic Beverages,2016,72267.09,75297.03591481484
2566,Gabon,Meat and Meat Preparations,2013,0.0,46.86354225418494
5205,Nicaragua,Alcoholic Beverages,2019,43160.1,19429.787168267223
1342,Colombia,Dairy Products and Eggs,2019,16673.4,21294.071212632884
6012,Republic of Moldova,Meat and Meat Preparations,2020,6071.5,6248.000581329325
1377,Congo,Sugar and Honey,2013,835.0,14844.857729094374
2714,Ghana,Fruit and Vegetables,2018,630741.18,3553378.387118824
1009,Canada,Fats and Oils (excluding Butter),2017,3196460.57,3063292.887714731
1603,Cyprus,Sugar and Honey,2020,420.85,1562.187168424102
2829,Guinea,Dairy Products and Eggs,2020,0.0,70.93806814148422
4329,Malawi,Fruit and Vegetables,2017,3325.0,11925.981671732257
270,Argentina,Non-alcoholic Beverages,2020,22273.5,326594.53165279445
3910,Kyrgyzstan,Alcoholic Beverages,2014,3135.37,6140.681376105944
2868,Honduras,Meat and Meat Preparations,2014,471688.0,73515.20682646408
6304,Senegal,Cereals and Preparations,2018,93225.79,160653.7664013435
6333,Senegal,Sugar and Honey,2014,3384.7,2740.873405052568
7560,Uruguay,Alcoholic Beverages,2016,15927.94,11679.670259122151
2186,El Salvador,Meat and Meat Preparations,2021,7753.01,17541.392727812417
2295,Ethiopia,Fruit and Vegetables,2021,794.0,94950.06000965771
6855,Sweden,Other food,2013,1358850.0,1350855.6035239028
2032,Ecuador,Meat and Meat Preparations,2021,62177.0,49767.73598775531
7708,Zambia,Dairy Products and Eggs,2022,695.0,13888.25932657656
7030,Thailand,Fruit and Vegetables,2014,192927.0,2144459.3304983303
5171,Nicaragua,Sugar and Honey,2015,175169.2,155744.13979628164
2203,El Salvador,Fruit and Vegetables,2020,71912.03,63792.62361444653
7604,Venezuela (Bolivarian Republic of),Sugar and Honey,2015,675.94,2322.202074098534
6238,Saudi Arabia,Fats and Oils (excluding Butter),2023,148505.0,48698.71563180632
3239,Indonesia,Meat and Meat Preparations,2023,195429.0,254032.16310233335
2116,Egypt,Sugar and Honey,2020,2182474.0,635762.2320498258
4845,Nepal,Meat and Meat Preparations,2017,4913.97,1661.2499392732766
5179,Nicaragua,Fruit and Vegetables,2013,189326.0,280538.18177459895
6537,Slovakia,Other food,2020,1221666.16,1160238.7532490427
4639,Mongolia,Fruit and Vegetables,2014,235.0,301.5576166322346
2348,Finland,Cereals and Preparations,2018,49331.0,61642.1061935351
57,Albania,Alcoholic Beverages,2014,306.39,13023.373256379236
2485,France,Non-alcoholic Beverages,2017,1705504.72,1373572.9435206333
2035,Ecuador,Sugar and Honey,2014,102873.58,49995.49205942737
2523,French Polynesia,Sugar and Honey,2013,4.26,194.55453361337504
1418,Côte d'Ivoire,Fats and Oils (excluding Butter),2023,276.17,30248.965937444525
3133,India,Sugar and Honey,2013,1261167.0,1773752.256894974
6644,Slovenia,Other food,2019,504980.12,467549.0223926053
7326,Ukraine,Alcoholic Beverages,2022,52877.0,47658.89842416527
857,Brazil,Alcoholic Beverages,2013,130586.0,25422.072452358858
3836,Kenya,Dairy Products and Eggs,2024,42629.21,65975.94612580977
4659,Montenegro,Dairy Products and Eggs,2014,801.0,4614.013671067747
6820,Sweden,Fruit and Vegetables,2022,418530.0,1049187.8783713132
7345,United Republic of Tanzania,Cereals and Preparations,2018,43926.0,26540.82401162305
129,Algeria,Dairy Products and Eggs,2019,1215.0,10656.704882851609
5238,Niger,Fats and Oils (excluding Butter),2020,29.0,14418.134961630116
6113,Rwanda,Alcoholic Beverages,2013,2305.0,6739.988641469108
3659,Italy,Alcoholic Beverages,2020,9005041.73,9103501.4984908
3110,India,Fats and Oils (excluding Butter),2014,832635.59,1343124.908193292
5824,Philippines,Alcoholic Beverages,2018,32519.0,37547.02799753779
7032,Thailand,Dairy Products and Eggs,2013,181178.0,383382.9481848533
2274,Ethiopia,Fats and Oils (excluding Butter),2021,76267.0,18221.01966396541
7676,Zambia,Meat and Meat Preparations,2017,1920.41,2352.080485549314
6064,Republic of Moldova,Non-alcoholic Beverages,2017,4487.26,5098.028257007657
6691,Sri Lanka,Meat and Meat Preparations,2021,4057.97,15119.344138710843
2827,Guinea,Dairy Products and Eggs,2013,226.51,13.670357322085867
1452,Côte d'Ivoire,Non-alcoholic Beverages,2021,3927827.0,83381.63811473557
4331,Malawi,Fruit and Vegetables,2019,822.0,26462.4392657555
6862,Sweden,Other food,2020,1519116.33,1412465.608849096
7715,Zambia,Alcoholic Beverages,2020,4641.68,13059.908892153464
2794,Guatemala,Sugar and Honey,2014,2870.0,626371.6315486128
3320,Iran (Islamic Republic of),Cereals and Preparations,2020,161121.96,223311.75014150213
7240,Türkiye,Alcoholic Beverages,2014,87990.27,143520.92290058028
2112,Egypt,Sugar and Honey,2016,383875.83,310097.4905327362
7010,Tajikistan,Non-alcoholic Beverages,2022,3.0,3046.3862692727334
5526,Pakistan,Meat and Meat Preparations,2013,213844.0,170962.11030093292
847,Brazil,Sugar and Honey,2015,3652029.0,7029042.581908593
237,Argentina,Fruit and Vegetables,2020,2959521.44,2546457.498195585
3876,Kyrgyzstan,Cereals and Preparations,2019,1056.0,1012.1660769983521
1364,Colombia,Other food,2014,2816754.48,3773423.2679624595
4406,Malta,Dairy Products and Eggs,2013,4188.0,3636.4010658643624
6272,Saudi Arabia,Dairy Products and Eggs,2018,1035347.19,872045.2161620691
2617,Georgia,Meat and Meat Preparations,2022,1318.93,7343.6985851635445
6043,Republic of Moldova,Dairy Products and Eggs,2018,9063.63,5541.933898483074
5220,Nicaragua,Other food,2014,489237.15,633803.7631447314
2015,Ecuador,Cereals and Preparations,2020,167236.0,90943.93031578902
339,Armenia,Non-alcoholic Beverages,2022,8577.0,35039.816042080856
3953,Latvia,Meat and Meat Preparations,2015,79814.43,101673.8765734135
1660,Cyprus,Other food,2017,12496.99,24010.660065236596
1002,Canada,Cereals and Preparations,2022,2496049.0,2097092.3849023855
4254,Luxembourg,Dairy Products and Eggs,2024,62442.0,44783.124445054564
4210,Luxembourg,Cereals and Preparations,2020,128805.31,93434.92063856486
745,Bolivia (Plurinational State of),Alcoholic Beverages,2014,3908.07,8344.201468751542
1315,Colombia,Meat and Meat Preparations,2013,38812.24,64840.74699848796
4851,Nepal,Meat and Meat Preparations,2023,924.0,7430.867759881419
817,Botswana,Dairy Products and Eggs,2017,6189.0,29316.322732946708
1269,"China, Taiwan Province of",Alcoholic Beverages,2019,216184.84,309651.34144692315
2513,French Polynesia,Fats and Oils (excluding Butter),2014,5810.83,7796.985250777014
5760,Peru,Non-alcoholic Beverages,2020,19421.3,81901.95324294349
7519,Uruguay,Fats and Oils (excluding Butter),2020,1520527.0,249198.1638194071
1445,Côte d'Ivoire,Alcoholic Beverages,2020,12797.72,14479.364405340739
3496,Ireland,Sugar and Honey,2023,296621.0,490756.91960991116
2375,Finland,Dairy Products and Eggs,2015,435713.99,481308.4655430241
4839,Nepal,Fats and Oils (excluding Butter),2023,3620.0,2668.8040657854226
3010,Iceland,Fats and Oils (excluding Butter),2022,29012.0,19577.3340216149
7721,Zambia,Non-alcoholic Beverages,2017,45772.03,40937.26934817819
260,Argentina,Alcoholic Beverages,2021,40039.0,591896.8931287488
3664,Italy,Non-alcoholic Beverages,2013,1012220.55,1030911.4651536926
1680,Czechia,Fats and Oils (excluding Butter),2013,421198.0,381982.8594404137
4526,Mexico,Cereals and Preparations,2017,2804529.84,2209649.190002294
815,Botswana,Dairy Products and Eggs,2015,8378.0,29240.80795661481
3512,Ireland,Dairy Products and Eggs,2015,1888037.3,2200784.450227403
4837,Nepal,Fats and Oils (excluding Butter),2021,890965.98,227529.31598209008
771,Bosnia and Herzegovina,Sugar and Honey,2014,63194.0,47578.55922165293
1586,Cyprus,Meat and Meat Preparations,2015,3024.07,3698.323579789212
5462,Oman,Fruit and Vegetables,2015,114091.62,157253.38835360986
5754,Peru,Non-alcoholic Beverages,2014,15142.77,18362.39367690589
3478,Ireland,Meat and Meat Preparations,2017,4338565.15,4905221.283621981
5943,Republic of Korea,Dairy Products and Eggs,2020,64806.76,70761.21633253038
6800,Sweden,Sugar and Honey,2013,211822.0,309372.4388822117
4247,Luxembourg,Dairy Products and Eggs,2013,450477.93,637873.3525220753
2992,Iceland,Cereals and Preparations,2016,324.65,1066.0400926909876
234,Argentina,Fruit and Vegetables,2017,3040804.86,2447861.653431412
2226,El Salvador,Non-alcoholic Beverages,2013,112384.76,120391.3782381383
7418,United States of America,Fats and Oils (excluding Butter),2024,17516001.0,11355348.686207185
1184,"China, Hong Kong SAR",Dairy Products and Eggs,2014,62552.0,444458.5590589406
343,Armenia,Other food,2019,33857.43,14349.112794441051
3119,India,Fats and Oils (excluding Butter),2023,93040.0,300160.3699112077
6646,Slovenia,Other food,2021,669484.35,662437.6667272187
4538,Mexico,Fats and Oils (excluding Butter),2017,246530.99,308636.3870111052
4863,Nepal,Sugar and Honey,2023,70426.0,29005.93507482089
7025,Thailand,Meat and Meat Preparations,2018,2921977.85,3570201.049397506
5805,Philippines,Fruit and Vegetables,2013,1942741.0,843487.8077566607
5470,Oman,Dairy Products and Eggs,2014,301147.5,374767.3773392101
4112,Lesotho,Fruit and Vegetables,2023,268.96,182.14912971234133
2250,Estonia,Sugar and Honey,2013,53614.0,237764.83123220498
4410,Malta,Non-alcoholic Beverages,2013,71361.0,3765.538363259782
7580,Uruguay,Other food,2018,842512.81,1295607.4347421536
6780,Sweden,Fats and Oils (excluding Butter),2015,459417.02,295600.42736203654
3938,Latvia,Cereals and Preparations,2024,28112.0,62450.86278297709
313,Armenia,Fruit and Vegetables,2013,56998.84,45105.503398779125
5696,Peru,Meat and Meat Preparations,2016,19916.06,5426.685039656972
3271,Indonesia,Dairy Products and Eggs,2019,48336.2,35381.19008398897
196,Argentina,Cereals and Preparations,2023,5729880.0,6801857.541837898
3299,Indonesia,Non-alcoholic Beverages,2023,4012799.0,4015125.030491994
1556,Croatia,Other food,2021,1007722.69,1077548.8778225102
2042,Ecuador,Fruit and Vegetables,2013,3325032.76,7793857.4759862395
7331,Ukraine,Non-alcoholic Beverages,2021,134083.21,147655.8461520612
4684,Morocco,Meat and Meat Preparations,2017,22218.0,16351.003116394451
4431,Mauritius,Fats and Oils (excluding Butter),2018,94.16,831.2240036893285
1045,Canada,Fruit and Vegetables,2017,6807940.5,6360426.002353273
2196,El Salvador,Sugar and Honey,2022,76211.0,73453.30041636644
2029,Ecuador,Meat and Meat Preparations,2018,111.75,7458.570004354895
1419,Côte d'Ivoire,Meat and Meat Preparations,2013,510.77,1428.5266526886173
2133,Egypt,Dairy Products and Eggs,2019,2951.0,79019.41754213188
5759,Peru,Non-alcoholic Beverages,2019,23142.37,21443.344347499173
6461,Slovakia,Meat and Meat Preparations,2016,224622.03,250614.4394505864
1621,Cyprus,Dairy Products and Eggs,2014,124004.84,109783.03959999164
4375,Maldives,Meat and Meat Preparations,2013,1.68,-0.006584385770209156
5099,New Zealand,Dairy Products and Eggs,2021,12064679.05,8296435.546937009
2525,French Polynesia,Sugar and Honey,2019,7.0,1353.4994794010163
3579,Israel,Dairy Products and Eggs,2016,28595.0,47107.6314206971
5094,New Zealand,Dairy Products and Eggs,2016,7828911.66,10862737.57053113
298,Armenia,Fats and Oils (excluding Butter),2023,11260.78,8837.860197323518
742,Bolivia (Plurinational State of),Dairy Products and Eggs,2017,2980.0,46280.58910545912
2333,Fiji,Fruit and Vegetables,2013,1731.0,2247.625758095167
4259,Luxembourg,Alcoholic Beverages,2021,102993.0,89123.93341948873
3435,Iraq,Dairy Products and Eggs,2020,0.0,93.36975176816847
7614,Venezuela (Bolivarian Republic of),Dairy Products and Eggs,2013,1.0,937.4930909448251
6795,Sweden,Meat and Meat Preparations,2019,233740.89,215014.13418605668
6714,Sri Lanka,Dairy Products and Eggs,2014,3877.22,15948.266696521594
6065,Republic of Moldova,Non-alcoholic Beverages,2018,4211.46,5200.589018365054
3233,Indonesia,Meat and Meat Preparations,2017,19110.77,29057.107206985325
7233,Türkiye,Dairy Products and Eggs,2019,660949.12,814924.1967006329
4408,Malta,Alcoholic Beverages,2013,3855.0,2479.213261483378
3523,Ireland,Alcoholic Beverages,2014,1173256.91,1057830.1175200646
1147,Chile,Dairy Products and Eggs,2015,118680.27,308109.84734962124
3332,Iran (Islamic Republic of),Fats and Oils (excluding Butter),2021,30160.0,30973.78038166216
2103,Egypt,Meat and Meat Preparations,2016,6007.74,5077.450703311831
4031,Latvia,Other food,2021,557716.59,455116.34504095855
5284,Nigeria,Meat and Meat Preparations,2013,2288.0,59272.27465539592
5086,New Zealand,Fruit and Vegetables,2020,3116567.0,3388679.8760675164
4044,Lebanon,Fats and Oils (excluding Butter),2017,14453.0,11788.572308132358
1250,"China, Taiwan Province of",Fruit and Vegetables,2024,14042.0,90395.06676669986
7484,United States of America,Non-alcoholic Beverages,2018,1386371.5,1690475.9940523389
3446,Iraq,Other food,2018,769.95,761.0941739634591
5381,Norway,Dairy Products and Eggs,2018,89041.47,87761.6706142743
1413,Côte d'Ivoire,Fats and Oils (excluding Butter),2013,218977.05,468176.70958441927
6173,Samoa,Fats and Oils (excluding Butter),2022,6.0,184.70239218091945
7760,Zimbabwe,Dairy Products and Eggs,2021,216.58,36267.59725282888
5687,Peru,Fats and Oils (excluding Butter),2019,81570.47,78381.55538544257
5559,Pakistan,Dairy Products and Eggs,2013,81637.0,48077.313719631944
5200,Nicaragua,Alcoholic Beverages,2014,23564.67,57090.006866513424
4234,Luxembourg,Sugar and Honey,2020,1434.01,3048.3470662907685
6940,Switzerland,Alcoholic Beverages,2015,138697.64,153173.85132541816
1951,Dominican Republic,Fruit and Vegetables,2014,570434.42,380548.40335526364
1046,Canada,Fruit and Vegetables,2018,6648131.48,7098297.094224477
7123,Tunisia,Fats and Oils (excluding Butter),2013,641517.0,340100.3811574062
3539,Ireland,Non-alcoholic Beverages,2018,99672.3,149684.81625226515
222,Argentina,Sugar and Honey,2016,474315.51,286914.47311525105
5702,Peru,Meat and Meat Preparations,2022,76116.0,74330.56759027635
3235,Indonesia,Meat and Meat Preparations,2019,18877.11,28180.7847896417
900,Burkina Faso,Alcoholic Beverages,2014,73418.0,18772.52059264256
7462,United States of America,Dairy Products and Eggs,2020,5394716.7,4203223.863428812
2754,Ghana,Non-alcoholic Beverages,2022,983847.0,1429733.19707559
5147,Nicaragua,Cereals and Preparations,2023,56597.0,336980.7956885
6317,Senegal,Fats and Oils (excluding Butter),2020,16174.87,40149.7827409011
3998,Latvia,Dairy Products and Eggs,2024,772415.0,187343.94762015695
3436,Iraq,Dairy Products and Eggs,2021,24.57,233.1330725850874
551,Bangladesh,Meat and Meat Preparations,2021,2119.54,2856.357613515652
5792,Philippines,Meat and Meat Preparations,2014,52582.55,117911.85902517347
82,Albania,Other food,2018,1042.77,887.5170610770058
384,Australia,Fruit and Vegetables,2017,3912746.97,1742143.6522237628
1804,Denmark,Cereals and Preparations,2023,570929.0,745549.2373107085
3706,Japan,Meat and Meat Preparations,2013,75424.0,68152.44565415467
3018,Iceland,Meat and Meat Preparations,2018,33398.31,47447.95309176117
3588,Israel,Non-alcoholic Beverages,2017,272880.0,504784.6358005805
982,Cameroon,Sugar and Honey,2014,2315.0,5019.601696121905
3728,Jordan,Cereals and Preparations,2024,7384.59,41448.010726281456
3058,Iceland,Dairy Products and Eggs,2022,714.0,5429.609863093032
5701,Peru,Meat and Meat Preparations,2021,5734.02,7596.392569243016
1981,Dominican Republic,Alcoholic Beverages,2020,104982.23,94085.37719795827
4879,Nepal,Dairy Products and Eggs,2015,1584.29,2183.3861987014407
6423,Seychelles,Sugar and Honey,2014,45.0,10.08341595579564
4116,Lesotho,Dairy Products and Eggs,2021,10.07,1005.9491109515473
1732,Czechia,Dairy Products and Eggs,2017,858421.92,887991.0419192383
5066,New Zealand,Meat and Meat Preparations,2024,249122.0,260057.17607077048
4162,Libya,Dairy Products and Eggs,2017,11.0,858.7060764016893
803,Botswana,Sugar and Honey,2013,15438.0,16530.62734776541
2550,French Polynesia,Non-alcoholic Beverages,2019,104.8,1236.5530596654398
6824,Sweden,Dairy Products and Eggs,2015,369374.11,384713.57721476734
5757,Peru,Non-alcoholic Beverages,2017,20071.17,26419.39939551514
6935,Switzerland,Dairy Products and Eggs,2022,180802.0,196921.7066568266
5353,Norway,Sugar and Honey,2014,11982.29,8602.509971207397
5525,Pakistan,Fats and Oils (excluding Butter),2023,210259.0,49627.74720474512
7649,Viet Nam,Dairy Products and Eggs,2014,13147.0,34207.352677785326
1581,Cyprus,Fats and Oils (excluding Butter),2022,14442.0,6648.1162958921805
248,Argentina,Dairy Products and Eggs,2020,847884.79,435209.56146500463
4390,Maldives,Non-alcoholic Beverages,2023,0.0,208.97464997226865
7364,United Republic of Tanzania,Sugar and Honey,2019,303220.0,44605.24797146583
987,Cameroon,Alcoholic Beverages,2013,2513.0,27890.339984444647
7140,Tunisia,Sugar and Honey,2016,68650.56,71207.15181472873
634,Barbados,Sugar and Honey,2014,513.0,4430.77013418055
5960,Republic of Korea,Non-alcoholic Beverages,2013,316546.0,386143.75726407126
3992,Latvia,Dairy Products and Eggs,2018,305595.36,245136.62321436606
5979,Republic of Korea,Other food,2020,2127533.11,2321155.579353312
6564,Slovenia,Fats and Oils (excluding Butter),2023,174503.0,234150.07670754715
107,Algeria,Meat and Meat Preparations,2018,267975.0,25303.693967653868
1227,"China, Taiwan Province of",Sugar and Honey,2013,56878.0,76656.8846198847
5918,Republic of Korea,Sugar and Honey,2019,321694.98,325035.22502976644
1525,Croatia,Dairy Products and Eggs,2023,74937.0,120296.20932608613
5608,Panama,Meat and Meat Preparations,2024,32674.27,19015.162718642987
2213,El Salvador,Dairy Products and Eggs,2021,52988.39,19838.382559068483
6630,Slovenia,Non-alcoholic Beverages,2017,63894.91,63305.00554267573
2030,Ecuador,Meat and Meat Preparations,2019,50.61,34931.747875961475
7546,Uruguay,Fruit and Vegetables,2020,689282.0,120384.84060334177
6530,Slovakia,Other food,2013,1435533.0,888280.3436835859
2974,Hungary,Non-alcoholic Beverages,2022,1534051.0,1832384.4836655364
562,Bangladesh,Sugar and Honey,2020,11070.78,74589.58512519751
457,Austria,Fruit and Vegetables,2022,1233333.0,1286137.3523881778
1249,"China, Taiwan Province of",Fruit and Vegetables,2023,11689.0,76188.14708777741
3425,Iraq,Sugar and Honey,2021,152570.62,30166.74510851333
7486,United States of America,Non-alcoholic Beverages,2020,1456662.35,1959009.559042552
7426,United States of America,Meat and Meat Preparations,2020,19708366.06,20539238.868815612
3883,Kyrgyzstan,Fats and Oils (excluding Butter),2020,700.0,1765.1226162285009
5871,Portugal,Alcoholic Beverages,2014,340759.0,694130.7976773205
3563,Israel,Fats and Oils (excluding Butter),2016,57218.0,112216.22187164787
2950,Hungary,Dairy Products and Eggs,2022,127693.0,336392.49484581244
1195,"China, Taiwan Province of",Cereals and Preparations,2017,328893.1,321865.12126188807
2736,Ghana,Alcoholic Beverages,2016,8594.61,40231.13804389369
7277,Uganda,Fruit and Vegetables,2013,18190.0,27900.292472072255
7087,Togo,Non-alcoholic Beverages,2014,8924.65,14653.32339815718
1378,Congo,Sugar and Honey,2014,75.0,1126.605763500062
403,Australia,Alcoholic Beverages,2020,63496.0,451314.7872202482
2491,France,Non-alcoholic Beverages,2023,10085792.0,9813739.141083617
1335,Colombia,Fruit and Vegetables,2021,1558246.1,1202674.251635896
804,Botswana,Sugar and Honey,2014,14985.08,4115.334317478803
4969,Netherlands (Kingdom of the),Non-alcoholic Beverages,2021,2530365.77,3055336.4373400602
7059,Togo,Meat and Meat Preparations,2020,26527.0,1957.3968999686963
7134,Tunisia,Meat and Meat Preparations,2017,12943.0,12248.543379990972
3624,Italy,Sugar and Honey,2013,419680.71,675577.5419543561
748,Bolivia (Plurinational State of),Alcoholic Beverages,2017,12.0,9657.323539246205
1238,"China, Taiwan Province of",Sugar and Honey,2024,299976.0,338372.6142375638
464,Austria,Dairy Products and Eggs,2021,1562977.27,2180869.4116031067
2972,Hungary,Non-alcoholic Beverages,2020,237425.45,256039.79957396668
6806,Sweden,Sugar and Honey,2019,172603.46,252184.02003932153
6007,Republic of Moldova,Meat and Meat Preparations,2014,8885.49,33507.03449514541
6022,Republic of Moldova,Sugar and Honey,2019,21720.14,46295.489465235536
60,Albania,Alcoholic Beverages,2017,357.44,613.0565826788126
2472,France,Alcoholic Beverages,2016,14185210.1,15889907.671102088
6063,Republic of Moldova,Non-alcoholic Beverages,2016,3242.01,4871.248075435835
6196,Samoa,Dairy Products and Eggs,2014,179.26,434.77253358204354
7297,Ukraine,Fats and Oils (excluding Butter),2023,205343.0,586042.140782305
5106,New Zealand,Alcoholic Beverages,2016,1179134.95,1071390.4382974482
6873,Switzerland,Cereals and Preparations,2020,824387.16,942289.2768691962
4506,Mauritius,Non-alcoholic Beverages,2021,2285.25,27788.239600648056
2184,El Salvador,Meat and Meat Preparations,2019,6031.48,14728.268802097276
7327,Ukraine,Alcoholic Beverages,2023,64047.0,62095.28976897792
4949,Netherlands (Kingdom of the),Fruit and Vegetables,2019,22658705.58,20021700.797879893
1857,Denmark,Dairy Products and Eggs,2016,2323164.76,2013864.9588121562
1480,Croatia,Fats and Oils (excluding Butter),2022,82085.0,105835.0641890049
4382,Maldives,Fruit and Vegetables,2024,2.65,607.332827458622
1866,Denmark,Alcoholic Beverages,2013,671978.0,824227.3869742319
4605,Mexico,Alcoholic Beverages,2024,271074.0,357947.1540657237
3395,Iran (Islamic Republic of),Non-alcoholic Beverages,2023,655366.0,906018.0799344808
3352,Iran (Islamic Republic of),Sugar and Honey,2019,144887.73,164210.9752041823
4869,Nepal,Fruit and Vegetables,2017,56748.63,90821.66038786096
4617,Mexico,Non-alcoholic Beverages,2024,3067049.0,5152687.454791279
407,Australia,Non-alcoholic Beverages,2016,68582.59,128214.417994706
7694,Zambia,Fruit and Vegetables,2017,17650.55,41979.13590055502
7082,Togo,Alcoholic Beverages,2019,24313.98,11658.565156119632
1446,Côte d'Ivoire,Alcoholic Beverages,2021,3688.0,6728.152804953332
7633,Venezuela (Bolivarian Republic of),Other food,2014,12402.71,23284.953068285835
5010,New Caledonia,Dairy Products and Eggs,2016,114.0,112.11278895402927
4100,Lesotho,Meat and Meat Preparations,2019,174.5,47.14999278109233
4239,Luxembourg,Fruit and Vegetables,2013,213229.99,235019.60603993083
1410,Côte d'Ivoire,Cereals and Preparations,2021,184425.0,106636.10412275136
46,Albania,Dairy Products and Eggs,2014,1.96,789.0007936631649
669,Belize,Sugar and Honey,2013,107422.0,4421.127223584111
4441,Mauritius,Meat and Meat Preparations,2016,121.03,319.8356276367731
1511,Croatia,Fruit and Vegetables,2020,182149.73,160957.29544817383
6565,Slovenia,Fats and Oils (excluding Butter),2024,165119.0,206056.51069026924
5535,Pakistan,Meat and Meat Preparations,2022,71360.0,141799.446003022
6626,Slovenia,Non-alcoholic Beverages,2013,51634.0,82709.71585223687
226,Argentina,Sugar and Honey,2020,297824.04,365134.5551635794
5717,Peru,Fruit and Vegetables,2013,2245778.0,2048211.6400784396
6088,Romania,Meat and Meat Preparations,2014,192178.0,480658.81646748015
1784,Democratic Republic of the Congo,Fruit and Vegetables,2013,0.0,432.904208807007
7569,Uruguay,Non-alcoholic Beverages,2016,248.43,274220.7887995747
7434,United States of America,Sugar and Honey,2016,1881740.41,1999802.6331994291
7768,Zimbabwe,Non-alcoholic Beverages,2021,29185.5,242830.61528104972
4626,Mexico,Other food,2021,2763747.8,4603286.732609485
7406,United States of America,Cereals and Preparations,2024,3958359.0,16655611.218837276
5213,Nicaragua,Non-alcoholic Beverages,2017,14012.71,38271.90692817858
6786,Sweden,Fats and Oils (excluding Butter),2021,250119.0,618764.3558893402
856,Brazil,Dairy Products and Eggs,2016,115473.0,425225.31040114386
2858,Guyana,Alcoholic Beverages,2014,4127.0,7260.832138706661
4447,Mauritius,Meat and Meat Preparations,2022,268172.0,11842.43100726446
7662,Zambia,Cereals and Preparations,2021,3011.0,47792.07311681947
7427,United States of America,Meat and Meat Preparations,2021,24086320.37,22659529.25014809
6422,Seychelles,Sugar and Honey,2013,922.0,34.23951020403768
2545,French Polynesia,Alcoholic Beverages,2021,141.0,350.5490494361151
6710,Sri Lanka,Fruit and Vegetables,2022,1587.0,30402.733455885278
3693,Jamaica,Fruit and Vegetables,2014,94447.0,25438.177484018168
352,Australia,Cereals and Preparations,2017,7858187.5,958952.5641205816
1563,Cyprus,Cereals and Preparations,2016,9627.41,14132.206020891233
3540,Ireland,Non-alcoholic Beverages,2019,123581.0,159600.53334058795
414,Australia,Other food,2015,3776445.57,4167504.3249376127
1583,Cyprus,Fats and Oils (excluding Butter),2024,9769.0,11901.965412603746
5709,Peru,Sugar and Honey,2017,80492.64,102522.01107852763
6606,Slovenia,Dairy Products and Eggs,2017,197981.08,202153.24648214685
6517,Slovakia,Alcoholic Beverages,2024,116703.0,108623.57261255229
572,Bangladesh,Fruit and Vegetables,2018,110621.54,80485.91468012458
836,Brazil,Cereals and Preparations,2016,2329530.0,5256796.160034336
4587,Mexico,Dairy Products and Eggs,2018,330259.29,210904.25630735792
2178,El Salvador,Fats and Oils (excluding Butter),2022,20049.0,14652.31209846114
6598,Slovenia,Fruit and Vegetables,2021,421486.74,483557.83731145354
3739,Jordan,Meat and Meat Preparations,2014,71286.37,123099.40885539723
6462,Slovakia,Meat and Meat Preparations,2017,203473.02,251637.96698313896
4548,Mexico,Meat and Meat Preparations,2015,1609393.61,2078268.6330297193
2589,Gambia,Fruit and Vegetables,2014,0.0,4229.611921573089
4156,Libya,Fruit and Vegetables,2017,136.0,440.78511906880493
2468,France,Dairy Products and Eggs,2024,15335932.0,10910930.181612838
4019,Latvia,Non-alcoholic Beverages,2021,29985.76,48460.65670868045
3761,Jordan,Fruit and Vegetables,2021,527545.49,271517.50903372845
289,Armenia,Cereals and Preparations,2021,12.0,3032.6687388212144
1439,Côte d'Ivoire,Dairy Products and Eggs,2020,5397.22,3751.435036037892
7576,Uruguay,Other food,2014,1794417.57,1514443.050356274
2888,Hungary,Cereals and Preparations,2020,2098137.05,2202095.727848511
2619,Georgia,Sugar and Honey,2017,5373.1,10004.962006618409
4859,Nepal,Sugar and Honey,2019,1478.06,3823.029537681154
2093,Egypt,Fats and Oils (excluding Butter),2015,84872.0,188438.8468517374
5020,New Caledonia,Non-alcoholic Beverages,2014,117.02,47.89142889517896
3743,Jordan,Meat and Meat Preparations,2021,87165.01,88582.05191229144
3509,Ireland,Fruit and Vegetables,2024,2016655.0,1688148.072518733
3393,Iran (Islamic Republic of),Non-alcoholic Beverages,2021,774538.0,23766.68456254704
7386,United Republic of Tanzania,Non-alcoholic Beverages,2017,259700.0,63124.60293855623
3132,India,Meat and Meat Preparations,2024,2245573.0,1447490.7307570241
3101,India,Cereals and Preparations,2017,7985807.09,13099370.646498986
7054,Togo,Fats and Oils (excluding Butter),2021,1328.0,113055.97863189872
1850,Denmark,Fruit and Vegetables,2021,613577.86,696749.5215290714
3439,Iraq,Alcoholic Beverages,2020,78.3,65.51478079958429
5809,Philippines,Fruit and Vegetables,2017,134875.0,1127929.1805176437
7070,Togo,Fruit and Vegetables,2019,14651.75,4105.957686395859
3144,India,Sugar and Honey,2024,3523180.0,4132797.1126073143
3487,Ireland,Sugar and Honey,2014,131264.97,219109.5907418647
5394,Norway,Alcoholic Beverages,2019,62345.48,61487.135209199754
5609,Panama,Sugar and Honey,2013,24728.34,69930.78113996286
838,Brazil,Fats and Oils (excluding Butter),2014,13280734.0,4417210.313169008
569,Bangladesh,Fruit and Vegetables,2015,169514.93,155224.29085233735
1811,Denmark,Fats and Oils (excluding Butter),2018,538773.63,452135.76271642774
7173,Tunisia,Other food,2014,102190.65,231122.81846368575
1848,Denmark,Fruit and Vegetables,2019,594829.67,623766.574683609
1696,Czechia,Meat and Meat Preparations,2017,426874.82,545710.5307690917
3354,Iran (Islamic Republic of),Sugar and Honey,2021,3314558.0,301564.6533075681
3201,India,Other food,2021,5876830.96,7760686.026292923
363,Australia,Fats and Oils (excluding Butter),2020,7446915.0,2638371.270871524
4443,Mauritius,Meat and Meat Preparations,2018,106.33,698.5126882232588
2185,El Salvador,Meat and Meat Preparations,2020,9689.56,13605.244281368228
1921,Dominican Republic,Fats and Oils (excluding Butter),2020,32121.12,44756.631982471765
6402,Serbia,Meat and Meat Preparations,2013,187059.0,125000.37731020013
2966,Hungary,Non-alcoholic Beverages,2014,175971.0,190184.96519742947
622,Bangladesh,Other food,2020,62659.66,52758.85714563015
5241,Niger,Meat and Meat Preparations,2013,1.05,6382.931314801639
6262,Saudi Arabia,Fruit and Vegetables,2017,654698.41,710105.236024316
7758,Zimbabwe,Dairy Products and Eggs,2014,1180.0,2349.958493470737
4065,Lebanon,Dairy Products and Eggs,2013,8252.25,11957.444635230542
4769,Myanmar,Sugar and Honey,2022,1559722.0,521966.04853785393
1701,Czechia,Meat and Meat Preparations,2022,305199.0,310703.97385419166
5695,Peru,Meat and Meat Preparations,2015,19346.09,8678.549287302501
5023,New Caledonia,Non-alcoholic Beverages,2018,536.0,576.6918447213426
2321,Ethiopia,Other food,2019,1283442.39,1203634.7341507408
7716,Zambia,Alcoholic Beverages,2021,11469.0,3565.413800330779
2308,Ethiopia,Alcoholic Beverages,2020,149.0,444.3653843800383
753,Bolivia (Plurinational State of),Non-alcoholic Beverages,2016,73916.0,18500.711663992548
4643,Mongolia,Alcoholic Beverages,2014,12266.0,18792.175741910447
4053,Lebanon,Sugar and Honey,2013,51294.05,177515.46778711904
7497,United States of America,Other food,2019,34127357.36,40111328.036418475
4634,Mongolia,Meat and Meat Preparations,2013,150.0,626.8638331600239
574,Bangladesh,Fruit and Vegetables,2020,62261.63,108815.8161519153
6284,Saudi Arabia,Non-alcoholic Beverages,2016,178165.42,191964.29021513477
4228,Luxembourg,Meat and Meat Preparations,2022,1674.0,2939.7476851451515
6816,Sweden,Fruit and Vegetables,2018,373176.59,416903.4804482354
6239,Saudi Arabia,Fats and Oils (excluding Butter),2024,149352.0,72037.51819713577
2666,Ghana,Cereals and Preparations,2018,62313.01,65210.01288793839
1398,Costa Rica,Fruit and Vegetables,2014,13152.0,419141.18985217623
5820,Philippines,Alcoholic Beverages,2014,4877.49,30699.980264970967
1495,Croatia,Sugar and Honey,2014,113327.92,127923.97942508859
1619,Cyprus,Fruit and Vegetables,2024,84254.0,36683.490525597415
240,Argentina,Fruit and Vegetables,2023,1300482.0,1301713.2815309863
1836,Denmark,Sugar and Honey,2019,272448.21,278763.94604546233
4353,Malawi,Other food,2013,109026.0,279910.4810046634
7274,Uganda,Meat and Meat Preparations,2014,21441.0,16843.883862638482
6404,Serbia,Sugar and Honey,2013,641257.0,539617.6762630815
630,Barbados,Fats and Oils (excluding Butter),2014,9778.0,161730.88213415435
7632,Venezuela (Bolivarian Republic of),Other food,2013,13608.0,9728.083740685684
4029,Latvia,Other food,2019,398091.82,385374.05746754806
7756,Zimbabwe,Fruit and Vegetables,2021,633.45,2502.407885695161
6684,Sri Lanka,Fats and Oils (excluding Butter),2023,6522.0,4873.475555477124
1999,Dominican Republic,Other food,2014,427106.29,377321.7371156583
7295,Ukraine,Fats and Oils (excluding Butter),2021,6874274.16,5145047.953955291
5363,Norway,Sugar and Honey,2024,24980.0,48758.51956461015
7652,Viet Nam,Non-alcoholic Beverages,2013,3899862.0,710483.563922359
6463,Slovakia,Meat and Meat Preparations,2018,269757.6,273385.0243623515
5933,Republic of Korea,Fruit and Vegetables,2022,23684.0,232938.5755172114
2686,Ghana,Meat and Meat Preparations,2014,2447.91,818.2122788968197
5729,Peru,Dairy Products and Eggs,2013,138676.0,257454.56465424114
2278,Ethiopia,Meat and Meat Preparations,2018,101750.68,54534.05897048548
3602,Italy,Cereals and Preparations,2023,2325131.0,1977405.8309139572
596,Bangladesh,Alcoholic Beverages,2018,82.95,316.1046232392705
4094,Lesotho,Fats and Oils (excluding Butter),2018,0.3,59.07080663609692
690,Benin,Fruit and Vegetables,2014,25.0,6047.306314394532
1485,Croatia,Meat and Meat Preparations,2016,150668.91,130824.71920357473
632,Barbados,Meat and Meat Preparations,2014,1400.0,25026.05659123669
6449,Slovakia,Fats and Oils (excluding Butter),2016,112811.75,149222.0967347227
6763,Suriname,Non-alcoholic Beverages,2013,6180.0,7577.307921716075
2489,France,Non-alcoholic Beverages,2021,1800944.01,2063768.8246179237
2517,French Polynesia,Fats and Oils (excluding Butter),2022,0.0,151.41562994601276
3766,Jordan,Dairy Products and Eggs,2014,45002.72,29054.205498661817
6493,Slovakia,Fruit and Vegetables,2024,336644.0,545201.8129584303
879,Bulgaria,Dairy Products and Eggs,2013,99326.0,69327.70080693919
7069,Togo,Fruit and Vegetables,2014,20869.43,6459.505119221657
5097,New Zealand,Dairy Products and Eggs,2019,10422471.35,8777249.325501077
279,Argentina,Other food,2018,1907160.08,4208989.958767107
4043,Lebanon,Fats and Oils (excluding Butter),2016,34629.51,18446.929924670632
2393,Finland,Other food,2015,183382.02,117580.5851395375
3269,Indonesia,Dairy Products and Eggs,2017,29430.21,63817.8290659275
1078,Canada,Non-alcoholic Beverages,2014,132526.78,245101.19494961007
1880,Denmark,Non-alcoholic Beverages,2015,340305.47,297966.262041097
4440,Mauritius,Meat and Meat Preparations,2015,150.72,908.6032859719389
2518,French Polynesia,Fats and Oils (excluding Butter),2023,0.02,85.60077089327162
5077,New Zealand,Sugar and Honey,2023,1613461.0,1622142.3877860461
6292,Saudi Arabia,Other food,2015,252759.78,323450.1259285027
7412,United States of America,Fats and Oils (excluding Butter),2018,2846586.21,3213548.650786546
2976,Hungary,Non-alcoholic Beverages,2024,2067394.0,2008995.8523787663
7453,United States of America,Fruit and Vegetables,2023,4060312.0,4033446.950737314
2474,France,Alcoholic Beverages,2018,16894219.43,14996921.851968696
6899,Switzerland,Meat and Meat Preparations,2022,147960.0,137920.19686062154
7729,Zambia,Other food,2014,28679.54,44931.97921055539
1278,"China, Taiwan Province of",Non-alcoholic Beverages,2016,178179.58,143686.35495338953
6426,Seychelles,Dairy Products and Eggs,2013,378.0,622.6101715818893
1092,Canada,Other food,2016,12036273.84,10688167.009945055
6810,Sweden,Sugar and Honey,2023,447282.0,822988.336398582
5590,Pakistan,Other food,2017,174511.08,198342.71772451163
7526,Uruguay,Meat and Meat Preparations,2018,1898031.97,770361.022806735
4309,Malawi,Fats and Oils (excluding Butter),2018,8.0,2952.8715097485046
2641,Georgia,Alcoholic Beverages,2018,332583.01,173438.31976249474
5160,Nicaragua,Meat and Meat Preparations,2014,468881.04,786811.0671837576
6514,Slovakia,Alcoholic Beverages,2021,102651.59,130931.69853593162
475,Austria,Alcoholic Beverages,2024,2442780.45,1530612.7277160748
4677,Morocco,Fats and Oils (excluding Butter),2017,2518.0,11374.875907841799
2374,Finland,Dairy Products and Eggs,2014,629582.89,313591.370950118
4714,Morocco,Alcoholic Beverages,2019,12094.0,6349.853673756831
7351,United Republic of Tanzania,Fats and Oils (excluding Butter),2018,14.0,1732.6239883370285
3788,Jordan,Non-alcoholic Beverages,2021,11495.64,33803.98349430926
6053,Republic of Moldova,Alcoholic Beverages,2017,178198.22,216447.57622242678
1884,Denmark,Non-alcoholic Beverages,2019,445542.34,441982.62457651424
5092,New Zealand,Dairy Products and Eggs,2014,12075625.32,6449298.960030401
3654,Italy,Alcoholic Beverages,2013,7085031.16,7318951.915630932
2911,Hungary,Meat and Meat Preparations,2019,1452443.21,1569076.5248884924
2852,Guyana,Sugar and Honey,2014,288.0,1641.1410071549192
6925,Switzerland,Fruit and Vegetables,2024,736288.0,874725.626527936
5615,Panama,Fruit and Vegetables,2023,14799.0,139232.25692972157
1270,"China, Taiwan Province of",Alcoholic Beverages,2020,251039.47,301149.41994155693
1281,"China, Taiwan Province of",Non-alcoholic Beverages,2019,194819.41,208757.752332049
4335,Malawi,Dairy Products and Eggs,2016,3407.29,2588.112217376295
4529,Mexico,Cereals and Preparations,2020,2532350.22,3005031.5477732583
5069,New Zealand,Sugar and Honey,2015,316919.81,246630.6727834263
5560,Pakistan,Dairy Products and Eggs,2014,85027.52,73645.18846701263
7207,Türkiye,Meat and Meat Preparations,2023,427691.0,436732.74064637406
6177,Samoa,Meat and Meat Preparations,2019,337.0,273.68688435128684
1689,Czechia,Fats and Oils (excluding Butter),2022,347565.0,334958.78845714324
2075,Ecuador,Other food,2014,926028.26,1398651.464728928
6945,Switzerland,Alcoholic Beverages,2020,118149.72,191400.9127734135
112,Algeria,Sugar and Honey,2016,233922.94,97650.48106881592
5328,Norway,Fats and Oils (excluding Butter),2013,92389.0,108430.11657877993
561,Bangladesh,Sugar and Honey,2019,8550.1,47925.06829676843
68,Albania,Non-alcoholic Beverages,2015,2082.57,1960.539250388748
4467,Mauritius,Fruit and Vegetables,2018,5706.73,10481.748445638794
2645,Georgia,Alcoholic Beverages,2022,101069.41,78466.93405019269
96,Algeria,Fats and Oils (excluding Butter),2014,60256.33,153022.00042711245
4062,Lebanon,Fruit and Vegetables,2017,8806.0,45556.85907894217
7323,Ukraine,Alcoholic Beverages,2013,150536.35,286526.9997324025
2437,France,Sugar and Honey,2017,1746622.18,1372663.0345623048
7634,Venezuela (Bolivarian Republic of),Other food,2015,27010.69,9717.681433786956
4165,Libya,Alcoholic Beverages,2014,371.0,2118.9605302735017
2156,Egypt,Other food,2015,538120.61,463700.1389235921
1379,Congo,Fruit and Vegetables,2013,75.0,7407.454017753538
3172,India,Alcoholic Beverages,2016,197597.95,301120.12694482814
1797,Denmark,Cereals and Preparations,2016,1565422.27,1403055.9746229642
482,Austria,Non-alcoholic Beverages,2023,2064641.0,3706283.232082872
859,Brazil,Alcoholic Beverages,2015,12712.0,252612.39875989352
4227,Luxembourg,Meat and Meat Preparations,2021,53613.75,47352.760816599126
5508,Pakistan,Cereals and Preparations,2017,1911085.57,1780583.3290482915
3088,Iceland,Other food,2016,13672.89,16405.05833609439
1119,Chile,Fats and Oils (excluding Butter),2015,134271.96,167985.35611502532
3647,Italy,Dairy Products and Eggs,2018,3823078.25,4065473.729771075
4766,Myanmar,Sugar and Honey,2014,115510.81,12639.510191791698
4218,Luxembourg,Fats and Oils (excluding Butter),2020,2862.78,6958.761297875589
4830,Nepal,Fats and Oils (excluding Butter),2014,1366.69,17052.115684303986
7495,United States of America,Other food,2017,35990763.66,36769249.068489365
1033,Canada,Sugar and Honey,2017,1006373.73,896942.5170186767
6372,Senegal,Alcoholic Beverages,2020,1102.51,1460.525012324419
3468,Ireland,Fats and Oils (excluding Butter),2019,76616.94,106784.2158947261
899,Burkina Faso,Alcoholic Beverages,2013,101.0,12888.419068321777
4674,Morocco,Fats and Oils (excluding Butter),2014,102639.75,162142.6744626641
5664,Paraguay,Alcoholic Beverages,2014,1670091.0,13465.515465311479
5766,Peru,Other food,2014,1204830.39,1938491.1472635665
1548,Croatia,Non-alcoholic Beverages,2024,403951.0,384586.5031565788
2739,Ghana,Alcoholic Beverages,2019,13727.55,10034.798800557615
2855,Guyana,Dairy Products and Eggs,2013,35468.0,3523.7494954592235
6599,Slovenia,Fruit and Vegetables,2022,162620.0,205094.27991110235
65,Albania,Alcoholic Beverages,2023,1375.0,1798.5446926714656
5007,New Caledonia,Fruit and Vegetables,2019,75.0,137.5792035539977
3815,Kenya,Meat and Meat Preparations,2021,80079.26,15837.779728922378
2728,Ghana,Dairy Products and Eggs,2020,14054.49,12304.088594638506
2228,El Salvador,Non-alcoholic Beverages,2018,135229.95,88096.08350304438
2353,Finland,Fats and Oils (excluding Butter),2017,168533.0,216920.15407729085
1879,Denmark,Non-alcoholic Beverages,2014,377494.66,313517.50458216254
4246,Luxembourg,Fruit and Vegetables,2024,370662.95,151097.99074284665
2159,Egypt,Other food,2018,401038.59,709021.6228035967
5034,New Zealand,Cereals and Preparations,2016,861754.66,1052958.952825889
4680,Morocco,Meat and Meat Preparations,2013,4843.0,4366.641503080849
6365,Senegal,Alcoholic Beverages,2013,2009.0,4461.680816917559
2410,France,Fats and Oils (excluding Butter),2014,1373206.62,2024838.4393039239
5612,Panama,Sugar and Honey,2024,176267.01,150968.39874730379
4003,Latvia,Alcoholic Beverages,2017,831398.72,905524.3977862202
6242,Saudi Arabia,Meat and Meat Preparations,2015,228389.89,134745.10774032684
3964,Latvia,Sugar and Honey,2014,22973.58,26388.92553273528
4197,Lithuania,Dairy Products and Eggs,2018,239158.24,508667.5322663435
4741,Mozambique,Alcoholic Beverages,2013,321.0,5647.64020912971
2285,Ethiopia,Sugar and Honey,2018,658.34,4032.580418007049
6913,Switzerland,Sugar and Honey,2024,110279.0,298929.75594331033
6847,Sweden,Non-alcoholic Beverages,2016,92238.74,145537.39253890474
1538,Croatia,Non-alcoholic Beverages,2013,63890.76,119151.68595647815
2576,Gabon,Non-alcoholic Beverages,2013,1904.0,3471.6033077153456
6825,Sweden,Dairy Products and Eggs,2016,321215.99,507987.82385493245
5162,Nicaragua,Meat and Meat Preparations,2016,438750.47,387525.98174169473
2407,France,Cereals and Preparations,2023,2277288.0,6290817.125611243
852,Brazil,Fruit and Vegetables,2016,189427.0,2156717.1104660155
1231,"China, Taiwan Province of",Sugar and Honey,2017,110713.09,121939.34751944104
3433,Iraq,Dairy Products and Eggs,2013,736.88,14.91345737358103
6039,Republic of Moldova,Dairy Products and Eggs,2013,8194.65,8413.941804241145
7610,Venezuela (Bolivarian Republic of),Fruit and Vegetables,2015,2222.85,348.22812650536406
6876,Switzerland,Cereals and Preparations,2023,69829.0,164824.96273554754
3011,Iceland,Fats and Oils (excluding Butter),2023,29156.0,25373.636163000716
1466,Croatia,Cereals and Preparations,2019,438643.58,479509.0378931997
5025,New Caledonia,Other food,2013,454.95,935.7743244317362
1220,"China, Taiwan Province of",Meat and Meat Preparations,2018,31124.34,27495.47847926694
7126,Tunisia,Fats and Oils (excluding Butter),2016,509045.03,276246.6209161173
7145,Tunisia,Fruit and Vegetables,2014,381915.16,291601.3809507865
6839,Sweden,Alcoholic Beverages,2019,670206.41,577768.3592955145
7541,Uruguay,Fruit and Vegetables,2015,98970.6,121936.5977036618
3697,Jamaica,Alcoholic Beverages,2014,53667.0,63592.73655694694
5044,New Zealand,Fats and Oils (excluding Butter),2014,126544.65,211314.2324156183
4060,Lebanon,Fruit and Vegetables,2014,255205.98,135822.03277160783
3229,Indonesia,Meat and Meat Preparations,2013,22670.0,98121.11486771237
5962,Republic of Korea,Non-alcoholic Beverages,2015,363706.15,387265.7717826405
2835,Guinea,Non-alcoholic Beverages,2013,0.16,29076.827731263358
5906,Republic of Korea,Meat and Meat Preparations,2019,87244.66,178601.33152010042
938,Burundi,Dairy Products and Eggs,2019,2821.0,357.8461042112463
4142,Libya,Fats and Oils (excluding Butter),2017,0.0,0.7622385272854106
264,Argentina,Non-alcoholic Beverages,2014,36582.74,60034.62017729196
3318,Iran (Islamic Republic of),Cereals and Preparations,2018,481870.95,353672.16552115814
1007,Canada,Fats and Oils (excluding Butter),2015,2604939.91,3576178.9634867073
7081,Togo,Alcoholic Beverages,2014,24884.99,17232.247134333928
3070,Iceland,Alcoholic Beverages,2022,7998.0,8106.22211357768
7020,Thailand,Fats and Oils (excluding Butter),2013,1924702.0,1034745.3406315712
441,Austria,Meat and Meat Preparations,2022,232492.0,218098.63485473307
7057,Togo,Meat and Meat Preparations,2014,87.11,2612.2463116619733
6509,Slovakia,Alcoholic Beverages,2016,56672.83,59366.66829100273
6228,Saudi Arabia,Cereals and Preparations,2019,172920.0,386230.43601952854
7360,United Republic of Tanzania,Sugar and Honey,2014,1267.4,7599.830394830569
4266,Luxembourg,Non-alcoholic Beverages,2020,66372.47,51992.51530075115
611,Bangladesh,Non-alcoholic Beverages,2021,37516.97,203348.54682175227
7133,Tunisia,Meat and Meat Preparations,2016,2430.15,3727.0975314400685
1647,Cyprus,Non-alcoholic Beverages,2016,5884.51,3895.2341575436453
6584,Slovenia,Sugar and Honey,2019,42820.94,40331.88137135566
1634,Cyprus,Alcoholic Beverages,2015,26279.12,21036.970488821178
7419,United States of America,Meat and Meat Preparations,2013,17926638.0,17785220.896686547
4381,Maldives,Fruit and Vegetables,2023,0.0,341.75993188248793
7389,United Republic of Tanzania,Other food,2013,585649.48,455688.06222348846
6875,Switzerland,Cereals and Preparations,2022,59725.0,131373.66989086737
4307,Malawi,Fats and Oils (excluding Butter),2016,103.92,3125.3856931330583
2937,Hungary,Fruit and Vegetables,2021,1139719.21,1258719.137738686
3159,India,Dairy Products and Eggs,2015,224639.83,456701.4990634747
960,Cambodia,Fats and Oils (excluding Butter),2014,5166.0,14923.460740902476
587,Bangladesh,Dairy Products and Eggs,2021,7361.58,789.3858797606432
386,Australia,Fruit and Vegetables,2019,1920102.0,1435960.8143604253
5467,Oman,Fruit and Vegetables,2020,240008.0,142522.05704153242
6294,Saudi Arabia,Other food,2017,283161.18,289350.7756809069
484,Austria,Other food,2013,2103722.48,2103666.665838095
841,Brazil,Meat and Meat Preparations,2013,16242687.0,12634299.363401568
6401,Serbia,Fats and Oils (excluding Butter),2014,215700.0,222011.49091003896
7309,Ukraine,Sugar and Honey,2023,576536.0,627953.4809943872
6998,Tajikistan,Fruit and Vegetables,2022,0.0,89.90267563780898
1821,Denmark,Meat and Meat Preparations,2016,4217619.89,5012589.924318095
179,Antigua and Barbuda,Dairy Products and Eggs,2014,221.0,200.6440118191784
2509,French Polynesia,Cereals and Preparations,2021,4464.0,1063.1968414954652
135,Algeria,Alcoholic Beverages,2018,26957.0,5568.624736964254
1841,Denmark,Sugar and Honey,2024,572342.0,832550.867811524
6804,Sweden,Sugar and Honey,2017,185400.53,274380.02483198117
6025,Republic of Moldova,Sugar and Honey,2022,227964.0,125613.98049646089
6496,Slovakia,Dairy Products and Eggs,2015,315847.83,250461.90927525135
4167,Libya,Alcoholic Beverages,2019,263.0,13155.011557491272
932,Burundi,Fruit and Vegetables,2019,25.0,64.06959705278234
3034,Iceland,Sugar and Honey,2022,351.0,9845.802664271474
7301,Ukraine,Meat and Meat Preparations,2021,844835.75,1243841.1323012498
4427,Mauritius,Fats and Oils (excluding Butter),2014,4114.52,1840.8527226457904
5102,New Zealand,Dairy Products and Eggs,2024,1088379.0,1188283.7109642825
5221,Nicaragua,Other food,2015,487901.03,614785.5030407861
1075,Canada,Alcoholic Beverages,2023,189630.0,320447.7255242205
2984,Hungary,Other food,2020,2227100.62,2065317.5753044002
7442,United States of America,Sugar and Honey,2024,21874443.0,20026889.97836297
2421,France,Meat and Meat Preparations,2013,5217793.0,5819662.088608854
1022,Canada,Meat and Meat Preparations,2018,5470988.44,6171901.74323168
4852,Nepal,Meat and Meat Preparations,2024,645.0,13262.412734026759
1730,Czechia,Dairy Products and Eggs,2015,772246.37,924389.2564795386
4893,Nepal,Alcoholic Beverages,2017,599.86,711.4164640048695
4961,Netherlands (Kingdom of the),Alcoholic Beverages,2019,3603571.12,4484169.878751717
53,Albania,Dairy Products and Eggs,2021,1181.0,3225.5896605286007
4076,Lebanon,Alcoholic Beverages,2019,72917.0,58757.2934323364
4072,Lebanon,Alcoholic Beverages,2014,26627.84,124693.86363674856
3492,Ireland,Sugar and Honey,2019,165393.46,202721.3857681643
7076,Togo,Dairy Products and Eggs,2019,23375.22,10932.57567942941
6848,Sweden,Non-alcoholic Beverages,2017,107701.97,163092.78868585447
5623,Panama,Alcoholic Beverages,2023,294.0,47888.25203875064
7231,Türkiye,Dairy Products and Eggs,2017,678368.5,864771.2482428846
5744,Peru,Alcoholic Beverages,2016,22730.36,25891.06285577674
6445,Slovakia,Cereals and Preparations,2024,387722.0,134766.46332046547
7370,United Republic of Tanzania,Fruit and Vegetables,2019,246.0,53251.1059867085
3600,Italy,Cereals and Preparations,2021,7670921.36,6828567.632833265
2512,French Polynesia,Fats and Oils (excluding Butter),2013,7477.78,18979.048194138042
1598,Cyprus,Sugar and Honey,2015,393.25,495.5440039846717
3334,Iran (Islamic Republic of),Fats and Oils (excluding Butter),2023,49730.0,1318722.5967954942
942,Burundi,Alcoholic Beverages,2017,3.0,1099.8431078598978
4103,Lesotho,Sugar and Honey,2018,1.53,98.49322192176268
1294,"China, Taiwan Province of",Other food,2020,1125899.71,1113916.8563743986
2732,Ghana,Dairy Products and Eggs,2024,27947.0,5682.128960340556
7534,Uruguay,Sugar and Honey,2017,25626.69,157430.76946181705
6154,Saint Lucia,Dairy Products and Eggs,2014,1593.0,513.3533122186205
6480,Slovakia,Sugar and Honey,2023,203435.0,328965.0530929256
2316,Ethiopia,Non-alcoholic Beverages,2021,1402196.0,408369.0421273706
6718,Sri Lanka,Dairy Products and Eggs,2021,6499.93,8129.856151478873
4042,Lebanon,Fats and Oils (excluding Butter),2014,30160.65,29748.03183363258
7241,Türkiye,Alcoholic Beverages,2017,86608.43,144818.65201543688
1736,Czechia,Dairy Products and Eggs,2021,1036403.19,1174052.848739391
1788,Democratic Republic of the Congo,Alcoholic Beverages,2013,5.0,388.6767975844629
6244,Saudi Arabia,Meat and Meat Preparations,2017,200596.93,176419.86399477496
5527,Pakistan,Meat and Meat Preparations,2014,217093.86,637743.2248684231
7391,United Republic of Tanzania,Other food,2016,364214.31,158860.6820088749
6711,Sri Lanka,Fruit and Vegetables,2023,2118.0,71611.3531958667
2636,Georgia,Dairy Products and Eggs,2020,10748.73,51161.25255577845
1115,Chile,Cereals and Preparations,2018,65340.0,252001.50433868502
529,Bangladesh,Cereals and Preparations,2023,2195.0,4491.595927973832
2955,Hungary,Alcoholic Beverages,2015,116678.06,110162.06373943738
4241,Luxembourg,Fruit and Vegetables,2019,224030.15,264503.3721208045
5392,Norway,Alcoholic Beverages,2017,51304.66,54462.0204548647
3782,Jordan,Alcoholic Beverages,2024,29990.08,57315.72714360574
368,Australia,Meat and Meat Preparations,2017,9087377.3,4075910.486971921
2552,French Polynesia,Non-alcoholic Beverages,2021,2625.0,112845.69843188152
4676,Morocco,Fats and Oils (excluding Butter),2016,152060.53,64281.807199431074
2439,France,Sugar and Honey,2019,1374399.1,1270553.5674751163
2267,Ethiopia,Cereals and Preparations,2021,18.0,24201.16873885902
7399,United States of America,Cereals and Preparations,2017,23089519.41,26937474.73448361
648,Belarus,Fats and Oils (excluding Butter),2014,373850.0,81979.45204208457
7405,United States of America,Cereals and Preparations,2023,4308800.0,9818632.458329562
2253,Estonia,Fruit and Vegetables,2014,166473.0,134223.21751732385
3158,India,Dairy Products and Eggs,2014,404691.85,201486.3972563976
7687,Zambia,Sugar and Honey,2019,144152.02,102159.5241755835
5153,Nicaragua,Fats and Oils (excluding Butter),2017,49436.7,104156.44569414014
740,Bolivia (Plurinational State of),Dairy Products and Eggs,2015,32334.68,109552.63507460302
3521,Ireland,Dairy Products and Eggs,2024,1264747.0,843612.9235907873
4781,Myanmar,Dairy Products and Eggs,2022,278.0,655.5167647285566
1551,Croatia,Other food,2016,626838.46,466549.8943236421
2744,Ghana,Alcoholic Beverages,2024,534.0,8077.079814452521
442,Austria,Meat and Meat Preparations,2023,264680.0,273393.9098864932
1610,Cyprus,Fruit and Vegetables,2015,99861.77,123444.64486579705
1699,Czechia,Meat and Meat Preparations,2020,431803.18,490056.77163366973
3166,India,Dairy Products and Eggs,2022,120613.0,388278.4825297818
7163,Tunisia,Alcoholic Beverages,2018,24383.0,22080.77066022025
593,Bangladesh,Alcoholic Beverages,2015,273.77,101.81181496045295
480,Austria,Non-alcoholic Beverages,2021,3419004.92,3689644.774742385
1986,Dominican Republic,Non-alcoholic Beverages,2013,12092.0,19654.463476728335
7027,Thailand,Sugar and Honey,2014,5141449.0,3415444.0246612616
6953,Switzerland,Non-alcoholic Beverages,2016,1896361.59,1736613.8994173124
807,Botswana,Sugar and Honey,2017,2305.0,23010.53520884198
7660,Zambia,Cereals and Preparations,2019,85989.23,171402.24672310925
4723,Morocco,Other food,2014,167942.2,279324.437078384
1253,"China, Taiwan Province of",Dairy Products and Eggs,2015,16739.22,24693.44619889056
5236,Niger,Fats and Oils (excluding Butter),2014,169659.06,40476.63434572058
3890,Kyrgyzstan,Meat and Meat Preparations,2021,2174.79,1344.0376167409236
3009,Iceland,Fats and Oils (excluding Butter),2021,8387.38,25564.590383329116
3777,Jordan,Alcoholic Beverages,2019,11882.91,11716.896301377017
5907,Republic of Korea,Meat and Meat Preparations,2020,116983.37,68928.58575715651
7464,United States of America,Dairy Products and Eggs,2022,2888870.0,6185307.530987372
1221,"China, Taiwan Province of",Meat and Meat Preparations,2019,33025.35,40897.41610797705
3180,India,Alcoholic Beverages,2024,9363.0,53651.88142949133
5078,New Zealand,Sugar and Honey,2024,1837953.0,1837729.3643483922
159,Angola,Fruit and Vegetables,2013,11.0,7.829741453218682
805,Botswana,Sugar and Honey,2015,2688.0,8100.752509384491
5409,Norway,Non-alcoholic Beverages,2022,130388.0,133895.01645368914
600,Bangladesh,Alcoholic Beverages,2022,2471.0,405.838721225157
6405,Serbia,Sugar and Honey,2014,58297.0,284857.53708616795
1685,Czechia,Fats and Oils (excluding Butter),2018,354576.5,453526.150840409
7429,United States of America,Meat and Meat Preparations,2023,2117047.0,2313372.784186025
6226,Saudi Arabia,Cereals and Preparations,2017,537267.72,519950.66977862816
6267,Saudi Arabia,Dairy Products and Eggs,2013,1100757.0,707118.5639584779
4888,Nepal,Dairy Products and Eggs,2024,205.0,35077.45050742804
7273,Uganda,Meat and Meat Preparations,2013,81892.0,17767.037959598143
1233,"China, Taiwan Province of",Sugar and Honey,2019,154081.63,105615.28000671827
6213,Samoa,Non-alcoholic Beverages,2022,698.0,6136.102240160542
1356,Colombia,Non-alcoholic Beverages,2014,16865.2,54375.48683696891
5864,Portugal,Sugar and Honey,2013,1048448.0,561354.3435910009
7420,United States of America,Meat and Meat Preparations,2014,19406455.71,16134436.181438262
4774,Myanmar,Fruit and Vegetables,2021,0.0,36399.77431871843
2310,Ethiopia,Alcoholic Beverages,2023,207.06,4515.876979657927
6681,Sri Lanka,Fats and Oils (excluding Butter),2020,104916.63,72446.39475039618
6843,Sweden,Alcoholic Beverages,2023,76126.0,168729.70800820075
1216,"China, Taiwan Province of",Meat and Meat Preparations,2014,30601.35,62577.60593669229
2169,El Salvador,Cereals and Preparations,2022,9165.0,12307.758379393628
7438,United States of America,Sugar and Honey,2020,1763268.12,2184994.013310134
6679,Sri Lanka,Fats and Oils (excluding Butter),2018,91827.68,105072.65688395267
3471,Ireland,Fats and Oils (excluding Butter),2022,2934164.0,2069754.9858863621
5356,Norway,Sugar and Honey,2017,5152.37,10509.50713089809
1624,Cyprus,Dairy Products and Eggs,2017,188138.43,188062.78852245508
3309,Indonesia,Other food,2021,5282965.96,6201742.247107504
7362,United Republic of Tanzania,Sugar and Honey,2017,203835.0,80562.8173252443
1807,Denmark,Fats and Oils (excluding Butter),2014,495982.55,685576.6891271609
1200,"China, Taiwan Province of",Cereals and Preparations,2022,52959.0,32270.689852074127
2775,Greece,Sugar and Honey,2013,2129631.0,1005472.526424939
242,Argentina,Dairy Products and Eggs,2014,1326615.47,936826.1090994531
4623,Mexico,Other food,2018,3050844.69,3599687.8668468734
4772,Myanmar,Fruit and Vegetables,2014,1769525.27,3091875.3260567132
2373,Finland,Dairy Products and Eggs,2013,706620.0,369774.33800931845
6257,Saudi Arabia,Sugar and Honey,2024,656074.0,7436371.139928661
5812,Philippines,Dairy Products and Eggs,2013,42936.0,79566.02617044772
1625,Cyprus,Dairy Products and Eggs,2018,241635.13,252844.52990915472
7571,Uruguay,Non-alcoholic Beverages,2018,1003.16,104009.3613889596
1282,"China, Taiwan Province of",Non-alcoholic Beverages,2020,196810.43,161783.58361380376
3772,Jordan,Dairy Products and Eggs,2023,10197.0,64734.015891889736
2210,El Salvador,Dairy Products and Eggs,2018,31360.92,19509.393994037127
1709,Czechia,Sugar and Honey,2018,355189.69,379228.6378452334
5765,Peru,Other food,2013,1024309.0,1315046.239787916
1394,Costa Rica,Meat and Meat Preparations,2014,1798940.0,240653.62373561488
7422,United States of America,Meat and Meat Preparations,2016,16320440.91,19042545.289333805
5380,Norway,Dairy Products and Eggs,2017,91057.0,98547.3862881716
3748,Jordan,Sugar and Honey,2014,32637.34,24141.45988872011
2952,Hungary,Dairy Products and Eggs,2024,115143.0,357156.1178423654
6955,Switzerland,Non-alcoholic Beverages,2018,1817558.89,2079758.280929488
525,Bangladesh,Cereals and Preparations,2019,84718.74,81352.64570104341
3286,Indonesia,Alcoholic Beverages,2022,34975.0,29679.688908854394
4258,Luxembourg,Alcoholic Beverages,2020,79231.42,58228.54379784207
1823,Denmark,Meat and Meat Preparations,2018,4289498.54,4397977.3166765645
2249,Estonia,Meat and Meat Preparations,2014,38922.0,101725.42224472699
2113,Egypt,Sugar and Honey,2017,352003.76,545164.4982632641
374,Australia,Sugar and Honey,2015,1335729.52,1066946.4904692136
4679,Morocco,Fats and Oils (excluding Butter),2019,4720.0,8868.579529574916
6686,Sri Lanka,Meat and Meat Preparations,2013,3198.45,19363.33081956418
7592,Venezuela (Bolivarian Republic of),Fats and Oils (excluding Butter),2015,93.75,1616.3680525333057
3055,Iceland,Dairy Products and Eggs,2019,6071.37,4369.042474104661
5851,Poland,Dairy Products and Eggs,2014,235106.0,547856.0469692315
7387,United Republic of Tanzania,Non-alcoholic Beverages,2018,331095.0,122676.62023644925
2279,Ethiopia,Meat and Meat Preparations,2019,66757.94,70047.27394059263
7625,Venezuela (Bolivarian Republic of),Alcoholic Beverages,2018,373.0,103.94805412960568
3562,Israel,Fats and Oils (excluding Butter),2015,22961.0,120704.3010071943
4384,Maldives,Dairy Products and Eggs,2014,0.0,8.900516567840466
267,Argentina,Non-alcoholic Beverages,2017,28100.51,70232.9972188614
5428,Oman,Cereals and Preparations,2017,253099.91,316322.10908674105
1658,Cyprus,Other food,2015,9463.14,11266.919464202514
2428,France,Meat and Meat Preparations,2020,4204359.95,4395458.561208991
2456,France,Fruit and Vegetables,2024,7595916.0,6120761.344417919
